d733da8e-4518-4282-b637-09d5c4ef2b79	803	719	96.638	Uncultured compost bacterium partial 16S rRNA gene, clone PS3742	uncultured compost bacterium
d733da8e-4518-4282-b637-09d5c4ef2b79	461	361	93.275	Uncultured compost bacterium partial 16S rRNA gene, clone PS3742	uncultured compost bacterium
d733da8e-4518-4282-b637-09d5c4ef2b79	803	716	96.513	Uncultured compost bacterium partial 16S rRNA gene, clone PS183	uncultured compost bacterium
d733da8e-4518-4282-b637-09d5c4ef2b79	461	361	93.275	Uncultured compost bacterium partial 16S rRNA gene, clone PS183	uncultured compost bacterium
d733da8e-4518-4282-b637-09d5c4ef2b79	781	715	97.311	uncultured bacterium partial 16S rRNA gene	uncultured bacterium
d733da8e-4518-4282-b637-09d5c4ef2b79	435	363	94.943	uncultured bacterium partial 16S rRNA gene	uncultured bacterium
d733da8e-4518-4282-b637-09d5c4ef2b79	800	713	96.500	Uncultured bacterium clone J308-57 16S ribosomal RNA gene, partial sequence	uncultured bacterium
d733da8e-4518-4282-b637-09d5c4ef2b79	461	370	93.926	Uncultured bacterium clone J308-57 16S ribosomal RNA gene, partial sequence	uncultured bacterium
d733da8e-4518-4282-b637-09d5c4ef2b79	794	713	96.725	Uncultured Hyphomicrobiaceae bacterium clone De214 16S ribosomal RNA gene, partial sequence	uncultured Hyphomicrobiaceae bacterium
d733da8e-4518-4282-b637-09d5c4ef2b79	455	373	94.505	Uncultured Hyphomicrobiaceae bacterium clone De214 16S ribosomal RNA gene, partial sequence	uncultured Hyphomicrobiaceae bacterium
d733da8e-4518-4282-b637-09d5c4ef2b79	781	712	97.183	Uncultured bacterium clone Comp1-38 16S ribosomal RNA gene, partial sequence	uncultured bacterium
d733da8e-4518-4282-b637-09d5c4ef2b79	435	357	94.483	Uncultured bacterium clone Comp1-38 16S ribosomal RNA gene, partial sequence	uncultured bacterium
d733da8e-4518-4282-b637-09d5c4ef2b79	794	707	96.474	Uncultured bacterium clone PAE-46 16S ribosomal RNA gene, partial sequence	uncultured bacterium
d733da8e-4518-4282-b637-09d5c4ef2b79	455	364	93.846	Uncultured bacterium clone PAE-46 16S ribosomal RNA gene, partial sequence	uncultured bacterium
d733da8e-4518-4282-b637-09d5c4ef2b79	799	706	96.245	Uncultured Hyphomicrobium sp. clone HAHS13.66 16S ribosomal RNA gene, partial sequence	uncultured Hyphomicrobium sp.
d733da8e-4518-4282-b637-09d5c4ef2b79	460	360	93.261	Uncultured Hyphomicrobium sp. clone HAHS13.66 16S ribosomal RNA gene, partial sequence	uncultured Hyphomicrobium sp.
d733da8e-4518-4282-b637-09d5c4ef2b79	794	704	96.348	Uncultured bacterium clone EMIRGE_OTU_s1t2b_7155 16S ribosomal RNA gene, partial sequence	uncultured bacterium
d733da8e-4518-4282-b637-09d5c4ef2b79	455	358	93.407	Uncultured bacterium clone EMIRGE_OTU_s1t2b_7155 16S ribosomal RNA gene, partial sequence	uncultured bacterium
d733da8e-4518-4282-b637-09d5c4ef2b79	778	700	96.787	uncultured bacterium partial 16S rRNA gene	uncultured bacterium
d733da8e-4518-4282-b637-09d5c4ef2b79	435	360	94.713	uncultured bacterium partial 16S rRNA gene	uncultured bacterium
d733da8e-4518-4282-b637-09d5c4ef2b79	781	700	96.671	Uncultured bacterium clone Comp3-54 16S ribosomal RNA gene, partial sequence	uncultured bacterium
d733da8e-4518-4282-b637-09d5c4ef2b79	435	348	93.793	Uncultured bacterium clone Comp3-54 16S ribosomal RNA gene, partial sequence	uncultured bacterium
d733da8e-4518-4282-b637-09d5c4ef2b79	794	698	96.096	Uncultured bacterium clone S16-1_96 16S ribosomal RNA gene, partial sequence	uncultured bacterium
d733da8e-4518-4282-b637-09d5c4ef2b79	455	355	93.187	Uncultured bacterium clone S16-1_96 16S ribosomal RNA gene, partial sequence	uncultured bacterium
d733da8e-4518-4282-b637-09d5c4ef2b79	794	698	96.096	Uncultured bacterium clone S16-1_52 16S ribosomal RNA gene, partial sequence	uncultured bacterium
d733da8e-4518-4282-b637-09d5c4ef2b79	455	355	93.187	Uncultured bacterium clone S16-1_52 16S ribosomal RNA gene, partial sequence	uncultured bacterium
d733da8e-4518-4282-b637-09d5c4ef2b79	794	698	96.096	Uncultured bacterium clone 12111794CO-5-27_D05 16S ribosomal RNA gene, partial sequence	uncultured bacterium
d733da8e-4518-4282-b637-09d5c4ef2b79	455	355	93.187	Uncultured bacterium clone 12111794CO-5-27_D05 16S ribosomal RNA gene, partial sequence	uncultured bacterium
d733da8e-4518-4282-b637-09d5c4ef2b79	794	698	96.096	Uncultured bacterium clone C73 16S ribosomal RNA gene, partial sequence	uncultured bacterium
d733da8e-4518-4282-b637-09d5c4ef2b79	455	352	92.967	Uncultured bacterium clone C73 16S ribosomal RNA gene, partial sequence	uncultured bacterium
d733da8e-4518-4282-b637-09d5c4ef2b79	800	698	95.875	Uncultured Hyphomicrobium sp. clone Nubeena47 16S ribosomal RNA gene, partial sequence	uncultured Hyphomicrobium sp.
d733da8e-4518-4282-b637-09d5c4ef2b79	462	352	92.641	Uncultured Hyphomicrobium sp. clone Nubeena47 16S ribosomal RNA gene, partial sequence	uncultured Hyphomicrobium sp.
d733da8e-4518-4282-b637-09d5c4ef2b79	778	697	96.658	uncultured bacterium partial 16S rRNA gene	uncultured bacterium
d733da8e-4518-4282-b637-09d5c4ef2b79	435	354	94.253	uncultured bacterium partial 16S rRNA gene	uncultured bacterium
d733da8e-4518-4282-b637-09d5c4ef2b79	799	697	95.870	Uncultured bacterium clone BJGMM-3s-495 16S ribosomal RNA gene, partial sequence	uncultured bacterium
d733da8e-4518-4282-b637-09d5c4ef2b79	460	360	93.261	Uncultured bacterium clone BJGMM-3s-495 16S ribosomal RNA gene, partial sequence	uncultured bacterium
d733da8e-4518-4282-b637-09d5c4ef2b79	799	697	95.870	Uncultured bacterium clone N17 16S ribosomal RNA gene, partial sequence	uncultured bacterium
d733da8e-4518-4282-b637-09d5c4ef2b79	460	357	93.043	Uncultured bacterium clone N17 16S ribosomal RNA gene, partial sequence	uncultured bacterium
d733da8e-4518-4282-b637-09d5c4ef2b79	800	697	95.875	Uncultured Hyphomicrobiaceae bacterium clone D25_45 small subunit ribosomal RNA gene, partial sequence	uncultured Hyphomicrobiaceae bacterium
d733da8e-4518-4282-b637-09d5c4ef2b79	461	354	92.842	Uncultured Hyphomicrobiaceae bacterium clone D25_45 small subunit ribosomal RNA gene, partial sequence	uncultured Hyphomicrobiaceae bacterium
d733da8e-4518-4282-b637-09d5c4ef2b79	794	695	95.970	Uncultured bacterium clone S5-1_84 16S ribosomal RNA gene, partial sequence	uncultured bacterium
d733da8e-4518-4282-b637-09d5c4ef2b79	455	358	93.407	Uncultured bacterium clone S5-1_84 16S ribosomal RNA gene, partial sequence	uncultured bacterium
d733da8e-4518-4282-b637-09d5c4ef2b79	801	695	95.755	Uncultured bacterium clone KPF200711-156 16S ribosomal RNA gene, partial sequence	uncultured bacterium
d733da8e-4518-4282-b637-09d5c4ef2b79	461	361	93.275	Uncultured bacterium clone KPF200711-156 16S ribosomal RNA gene, partial sequence	uncultured bacterium
d733da8e-4518-4282-b637-09d5c4ef2b79	778	694	96.530	uncultured bacterium partial 16S rRNA gene	uncultured bacterium
d733da8e-4518-4282-b637-09d5c4ef2b79	435	363	94.943	uncultured bacterium partial 16S rRNA gene	uncultured bacterium
d733da8e-4518-4282-b637-09d5c4ef2b79	798	693	95.739	Uncultured Hyphomicrobiaceae bacterium clone D10_26 small subunit ribosomal RNA gene, partial sequence	uncultured Hyphomicrobiaceae bacterium
d733da8e-4518-4282-b637-09d5c4ef2b79	459	359	93.246	Uncultured Hyphomicrobiaceae bacterium clone D10_26 small subunit ribosomal RNA gene, partial sequence	uncultured Hyphomicrobiaceae bacterium
d733da8e-4518-4282-b637-09d5c4ef2b79	794	692	95.844	Uncultured bacterium clone S5-1_2 16S ribosomal RNA gene, partial sequence	uncultured bacterium
d733da8e-4518-4282-b637-09d5c4ef2b79	455	355	93.187	Uncultured bacterium clone S5-1_2 16S ribosomal RNA gene, partial sequence	uncultured bacterium
d733da8e-4518-4282-b637-09d5c4ef2b79	800	692	95.625	Uncultured Hyphomicrobium sp. clone DH92B13 16S ribosomal RNA gene, partial sequence	uncultured Hyphomicrobium sp.
d733da8e-4518-4282-b637-09d5c4ef2b79	461	355	92.842	Uncultured Hyphomicrobium sp. clone DH92B13 16S ribosomal RNA gene, partial sequence	uncultured Hyphomicrobium sp.
d733da8e-4518-4282-b637-09d5c4ef2b79	794	692	95.844	Uncultured bacterium clone 11170230B20-30-53_C02 16S ribosomal RNA gene, partial sequence	uncultured bacterium
d733da8e-4518-4282-b637-09d5c4ef2b79	455	358	93.407	Uncultured bacterium clone 11170230B20-30-53_C02 16S ribosomal RNA gene, partial sequence	uncultured bacterium
d733da8e-4518-4282-b637-09d5c4ef2b79	800	692	95.625	Uncultured bacterium clone AMD-B25 16S ribosomal RNA gene, partial sequence	uncultured bacterium
d733da8e-4518-4282-b637-09d5c4ef2b79	461	358	93.059	Uncultured bacterium clone AMD-B25 16S ribosomal RNA gene, partial sequence	uncultured bacterium
d733da8e-4518-4282-b637-09d5c4ef2b79	794	692	95.844	Uncultured bacterium clone LG92 16S ribosomal RNA gene, partial sequence	uncultured bacterium
d733da8e-4518-4282-b637-09d5c4ef2b79	455	349	92.747	Uncultured bacterium clone LG92 16S ribosomal RNA gene, partial sequence	uncultured bacterium
d733da8e-4518-4282-b637-09d5c4ef2b79	794	692	95.844	Uncultured Pseudomonas sp. clone 56 0th day 16S ribosomal RNA gene, partial sequence	uncultured Pseudomonas sp.
d733da8e-4518-4282-b637-09d5c4ef2b79	455	355	93.187	Uncultured Pseudomonas sp. clone 56 0th day 16S ribosomal RNA gene, partial sequence	uncultured Pseudomonas sp.
d733da8e-4518-4282-b637-09d5c4ef2b79	800	692	95.625	Uncultured bacterium clone BJ50 16S ribosomal RNA gene, partial sequence	uncultured bacterium
d733da8e-4518-4282-b637-09d5c4ef2b79	461	358	93.059	Uncultured bacterium clone BJ50 16S ribosomal RNA gene, partial sequence	uncultured bacterium
d733da8e-4518-4282-b637-09d5c4ef2b79	794	692	95.844	Uncultured bacterium clone B2-45 16S ribosomal RNA gene, partial sequence	uncultured bacterium
d733da8e-4518-4282-b637-09d5c4ef2b79	455	352	92.967	Uncultured bacterium clone B2-45 16S ribosomal RNA gene, partial sequence	uncultured bacterium
d733da8e-4518-4282-b637-09d5c4ef2b79	794	692	95.844	Uncultured bacterium clone P0X4b2C06 16S ribosomal RNA gene, partial sequence	uncultured bacterium
d733da8e-4518-4282-b637-09d5c4ef2b79	455	352	92.967	Uncultured bacterium clone P0X4b2C06 16S ribosomal RNA gene, partial sequence	uncultured bacterium
d733da8e-4518-4282-b637-09d5c4ef2b79	794	692	95.844	Uncultured bacterium clone P0X4b3B11 16S ribosomal RNA gene, partial sequence	uncultured bacterium
d733da8e-4518-4282-b637-09d5c4ef2b79	455	352	92.967	Uncultured bacterium clone P0X4b3B11 16S ribosomal RNA gene, partial sequence	uncultured bacterium
d733da8e-4518-4282-b637-09d5c4ef2b79	757	691	97.226	Uncultured bacterium clone OT-1-B2 16S ribosomal RNA gene, partial sequence	uncultured bacterium
d733da8e-4518-4282-b637-09d5c4ef2b79	414	345	94.928	Uncultured bacterium clone OT-1-B2 16S ribosomal RNA gene, partial sequence	uncultured bacterium
d733da8e-4518-4282-b637-09d5c4ef2b79	781	691	96.287	Uncultured bacterium clone AKAU3482 16S ribosomal RNA gene, partial sequence	uncultured bacterium
d733da8e-4518-4282-b637-09d5c4ef2b79	439	352	93.850	Uncultured bacterium clone AKAU3482 16S ribosomal RNA gene, partial sequence	uncultured bacterium
d733da8e-4518-4282-b637-09d5c4ef2b79	802	690	95.511	Uncultured bacterium clone VHK_25 16S ribosomal RNA gene, partial sequence	uncultured bacterium
d733da8e-4518-4282-b637-09d5c4ef2b79	463	353	92.657	Uncultured bacterium clone VHK_25 16S ribosomal RNA gene, partial sequence	uncultured bacterium
d733da8e-4518-4282-b637-09d5c4ef2b79	780	690	96.282	Uncultured bacterium clone AKAU3476 16S ribosomal RNA gene, partial sequence	uncultured bacterium
d733da8e-4518-4282-b637-09d5c4ef2b79	439	352	93.850	Uncultured bacterium clone AKAU3476 16S ribosomal RNA gene, partial sequence	uncultured bacterium
d733da8e-4518-4282-b637-09d5c4ef2b79	800	689	95.500	Hyphomicrobium sp. strain CS1GBMeth3 16S ribosomal RNA gene, partial sequence	Hyphomicrobium sp.
d733da8e-4518-4282-b637-09d5c4ef2b79	461	352	92.625	Hyphomicrobium sp. strain CS1GBMeth3 16S ribosomal RNA gene, partial sequence	Hyphomicrobium sp.
d733da8e-4518-4282-b637-09d5c4ef2b79	800	689	95.500	Uncultured bacterium clone SPU:DMST325 16S ribosomal RNA gene, partial sequence	uncultured bacterium
d733da8e-4518-4282-b637-09d5c4ef2b79	461	352	92.625	Uncultured bacterium clone SPU:DMST325 16S ribosomal RNA gene, partial sequence	uncultured bacterium
d733da8e-4518-4282-b637-09d5c4ef2b79	799	688	95.494	Uncultured Hyphomicrobiaceae bacterium clone CA21 16S ribosomal RNA gene, partial sequence	uncultured Hyphomicrobiaceae bacterium
d733da8e-4518-4282-b637-09d5c4ef2b79	460	348	92.391	Uncultured Hyphomicrobiaceae bacterium clone CA21 16S ribosomal RNA gene, partial sequence	uncultured Hyphomicrobiaceae bacterium
d733da8e-4518-4282-b637-09d5c4ef2b79	778	688	96.272	Uncultured bacterium clone BD72BR166 16S ribosomal RNA gene, partial sequence	uncultured bacterium
d733da8e-4518-4282-b637-09d5c4ef2b79	435	351	94.023	Uncultured bacterium clone BD72BR166 16S ribosomal RNA gene, partial sequence	uncultured bacterium
d733da8e-4518-4282-b637-09d5c4ef2b79	777	687	96.268	Uncultured Hyphomicrobiaceae bacterium clone Sample13_1990_n2 16S ribosomal RNA gene, partial sequence	uncultured Hyphomicrobiaceae bacterium
d733da8e-4518-4282-b637-09d5c4ef2b79	435	348	93.793	Uncultured Hyphomicrobiaceae bacterium clone Sample13_1990_n2 16S ribosomal RNA gene, partial sequence	uncultured Hyphomicrobiaceae bacterium
d733da8e-4518-4282-b637-09d5c4ef2b79	796	687	95.603	Uncultured bacterium clone 12111806E-0-5-50_B09 16S ribosomal RNA gene, partial sequence	uncultured bacterium
d733da8e-4518-4282-b637-09d5c4ef2b79	457	353	92.998	Uncultured bacterium clone 12111806E-0-5-50_B09 16S ribosomal RNA gene, partial sequence	uncultured bacterium
d733da8e-4518-4282-b637-09d5c4ef2b79	796	687	95.603	Uncultured bacterium clone 12111806E-0-5-79_G12 16S ribosomal RNA gene, partial sequence	uncultured bacterium
d733da8e-4518-4282-b637-09d5c4ef2b79	457	353	92.998	Uncultured bacterium clone 12111806E-0-5-79_G12 16S ribosomal RNA gene, partial sequence	uncultured bacterium
d733da8e-4518-4282-b637-09d5c4ef2b79	802	687	95.387	Uncultured bacterium clone CT14C1CB11 16S ribosomal RNA gene, partial sequence	uncultured bacterium
d733da8e-4518-4282-b637-09d5c4ef2b79	463	350	92.441	Uncultured bacterium clone CT14C1CB11 16S ribosomal RNA gene, partial sequence	uncultured bacterium
d733da8e-4518-4282-b637-09d5c4ef2b79	794	686	95.592	Uncultured bacterium clone Bac4B03 small subunit ribosomal RNA gene, partial sequence	uncultured bacterium
d733da8e-4518-4282-b637-09d5c4ef2b79	455	346	92.527	Uncultured bacterium clone Bac4B03 small subunit ribosomal RNA gene, partial sequence	uncultured bacterium
d733da8e-4518-4282-b637-09d5c4ef2b79	800	686	95.375	Uncultured bacterium clone M84 16S ribosomal RNA gene, partial sequence	uncultured bacterium
d733da8e-4518-4282-b637-09d5c4ef2b79	461	352	92.625	Uncultured bacterium clone M84 16S ribosomal RNA gene, partial sequence	uncultured bacterium
d733da8e-4518-4282-b637-09d5c4ef2b79	800	686	95.375	Uncultured sludge bacterium A39 16S ribosomal RNA gene, partial sequence	uncultured sludge bacterium A39
d733da8e-4518-4282-b637-09d5c4ef2b79	461	352	92.625	Uncultured sludge bacterium A39 16S ribosomal RNA gene, partial sequence	uncultured sludge bacterium A39
d733da8e-4518-4282-b637-09d5c4ef2b79	801	686	95.381	Uncultured bacterium clone 1700a-09 16S ribosomal RNA gene, partial sequence	uncultured bacterium
d733da8e-4518-4282-b637-09d5c4ef2b79	462	355	92.857	Uncultured bacterium clone 1700a-09 16S ribosomal RNA gene, partial sequence	uncultured bacterium
1a1dec55-ba08-4a55-8b28-7f5ff9b9cc7c	1433	1106	92.603	Arthrobacter sp. PK3 16S ribosomal RNA gene, partial sequence	Arthrobacter sp. PK3
1a1dec55-ba08-4a55-8b28-7f5ff9b9cc7c	1501	1097	91.272	Arthrobacter sp. CC-CFT-010 16S ribosomal RNA gene, partial sequence	Arthrobacter sp. CC-CFT-010
1a1dec55-ba08-4a55-8b28-7f5ff9b9cc7c	1396	1059	92.192	Tersicoccus sp. strain Bi-70 16S ribosomal RNA gene, partial sequence	Tersicoccus sp.
1a1dec55-ba08-4a55-8b28-7f5ff9b9cc7c	1407	1054	91.898	Tersicoccus sp. strain 18SBP10 16S ribosomal RNA gene, partial sequence	Tersicoccus sp.
1a1dec55-ba08-4a55-8b28-7f5ff9b9cc7c	1383	1030	91.757	Tersicoccus solisilvae strain 36A 16S ribosomal RNA, partial sequence	Tersicoccus solisilvae
1a1dec55-ba08-4a55-8b28-7f5ff9b9cc7c	1518	1020	89.394	Arthrobacter alpinus strain S6-3 16S ribosomal RNA, partial sequence	Arthrobacter alpinus
1a1dec55-ba08-4a55-8b28-7f5ff9b9cc7c	1403	1019	91.091	Tersicoccus phoenicis strain KO_PS43 16S ribosomal RNA gene, partial sequence	Tersicoccus phoenicis
1a1dec55-ba08-4a55-8b28-7f5ff9b9cc7c	1423	1010	90.583	Arthrobacter sp. Nj-43 16S rRNA gene, strain Nj-43	Arthrobacter sp. Nj-43
1a1dec55-ba08-4a55-8b28-7f5ff9b9cc7c	1426	1007	90.463	Arthrobacter sp. ERGS1:01 chromosome, complete genome	Arthrobacter sp. ERGS1:01
1a1dec55-ba08-4a55-8b28-7f5ff9b9cc7c	1426	1007	90.463	Arthrobacter sp. ERGS1:01 chromosome, complete genome	Arthrobacter sp. ERGS1:01
1a1dec55-ba08-4a55-8b28-7f5ff9b9cc7c	1426	1007	90.463	Arthrobacter sp. ERGS1:01 plasmid unnamed2, complete sequence	Arthrobacter sp. ERGS1:01
1a1dec55-ba08-4a55-8b28-7f5ff9b9cc7c	1426	1007	90.463	Arthrobacter sp. ERGS1:01 plasmid unnamed2, complete sequence	Arthrobacter sp. ERGS1:01
1a1dec55-ba08-4a55-8b28-7f5ff9b9cc7c	1426	1007	90.463	Arthrobacter sp. ERGS1:01 plasmid unnamed2, complete sequence	Arthrobacter sp. ERGS1:01
1a1dec55-ba08-4a55-8b28-7f5ff9b9cc7c	1426	993	90.182	Arthrobacter sp. ERGS1:01 plasmid unnamed2, complete sequence	Arthrobacter sp. ERGS1:01
1a1dec55-ba08-4a55-8b28-7f5ff9b9cc7c	1422	1006	90.506	Arthrobacter sp. ERGS1:01 16S ribosomal RNA gene, partial sequence	uncultured Arthrobacter sp.;Arthrobacter sp. ERGS1:01
1a1dec55-ba08-4a55-8b28-7f5ff9b9cc7c	1427	1004	90.399	Arthrobacter dokdonellae, complete genome	Arthrobacter dokdonellae
1a1dec55-ba08-4a55-8b28-7f5ff9b9cc7c	1427	1004	90.399	Arthrobacter dokdonellae, complete genome	Arthrobacter dokdonellae
1a1dec55-ba08-4a55-8b28-7f5ff9b9cc7c	1427	1004	90.399	Arthrobacter dokdonellae, complete genome	Arthrobacter dokdonellae
1a1dec55-ba08-4a55-8b28-7f5ff9b9cc7c	1427	1004	90.399	Arthrobacter dokdonellae, complete genome	Arthrobacter dokdonellae
1a1dec55-ba08-4a55-8b28-7f5ff9b9cc7c	1427	1001	90.329	Arthrobacter dokdonellae, complete genome	Arthrobacter dokdonellae
1a1dec55-ba08-4a55-8b28-7f5ff9b9cc7c	1423	1003	90.443	Arthrobacter dokdonellae 16S ribosomal RNA, partial sequence	Arthrobacter dokdonellae
1a1dec55-ba08-4a55-8b28-7f5ff9b9cc7c	1446	998	89.972	Uncultured bacterium clone C-11 16S ribosomal RNA gene, partial sequence	uncultured bacterium
1a1dec55-ba08-4a55-8b28-7f5ff9b9cc7c	1407	956	89.623	Uncultured Salana sp. gene for 16S ribosomal RNA, partial sequence, clone: DCP25-1	uncultured Salana sp.
1a1dec55-ba08-4a55-8b28-7f5ff9b9cc7c	1412	956	89.660	Sinomonas echigonensis strain LC10 16S ribosomal RNA, partial sequence	Sinomonas echigonensis
1a1dec55-ba08-4a55-8b28-7f5ff9b9cc7c	1389	947	89.705	uncultured bacterium partial 16S rRNA gene	uncultured bacterium
1a1dec55-ba08-4a55-8b28-7f5ff9b9cc7c	1513	931	87.508	Agromyces sp. FRBN9 16S ribosomal RNA gene, partial sequence	Agromyces sp. FRBN9
1a1dec55-ba08-4a55-8b28-7f5ff9b9cc7c	1324	924	90.332	Sinomonas echigonensis JCM 30148 gene for 16S ribosomal RNA, partial sequence	Sinomonas echigonensis
1a1dec55-ba08-4a55-8b28-7f5ff9b9cc7c	1425	921	88.491	Uncultured bacterium partial 16S rRNA gene, clone C1_50	uncultured bacterium
1a1dec55-ba08-4a55-8b28-7f5ff9b9cc7c	1517	919	87.278	Georgenia sp. strain 10_AG545_25 16S ribosomal RNA gene, partial sequence	Georgenia sp.
1a1dec55-ba08-4a55-8b28-7f5ff9b9cc7c	1397	910	88.905	Ruania albidiflava strain AS 4.3142 16S ribosomal RNA, partial sequence	Ruania albidiflava
1a1dec55-ba08-4a55-8b28-7f5ff9b9cc7c	1516	908	87.005	Agromyces kandeliae strain Q22 16S ribosomal RNA, partial sequence	Agromyces kandeliae
1a1dec55-ba08-4a55-8b28-7f5ff9b9cc7c	1407	908	88.486	Agromyces ulmi strain Y2S10 16S ribosomal RNA gene, partial sequence	Agromyces ulmi
1a1dec55-ba08-4a55-8b28-7f5ff9b9cc7c	1388	906	88.833	Uncultured bacterium partial 16S rRNA gene, clone SIOC1108_N12D3_16S_B	uncultured bacterium
1a1dec55-ba08-4a55-8b28-7f5ff9b9cc7c	1386	904	88.817	Georgenia halophila strain YIM 93316 16S ribosomal RNA, partial sequence	Georgenia halophila
1a1dec55-ba08-4a55-8b28-7f5ff9b9cc7c	1525	903	86.820	Jonesia denitrificans strain FDAARGOS_301 chromosome, complete genome	Jonesia denitrificans
1a1dec55-ba08-4a55-8b28-7f5ff9b9cc7c	1525	901	86.754	Jonesia denitrificans strain FDAARGOS_301 chromosome, complete genome	Jonesia denitrificans
1a1dec55-ba08-4a55-8b28-7f5ff9b9cc7c	1525	901	86.754	Jonesia denitrificans strain FDAARGOS_301 chromosome, complete genome	Jonesia denitrificans
1a1dec55-ba08-4a55-8b28-7f5ff9b9cc7c	1457	900	87.577	Jonesia denitrificans strain FDAARGOS_301 chromosome, complete genome	Jonesia denitrificans
1a1dec55-ba08-4a55-8b28-7f5ff9b9cc7c	1430	900	87.972	Jonesia denitrificans strain FDAARGOS_301 chromosome, complete genome	Jonesia denitrificans
1a1dec55-ba08-4a55-8b28-7f5ff9b9cc7c	1525	901	86.754	Jonesia denitrificans strain NCTC10816 genome assembly, chromosome: 1	Jonesia denitrificans
1a1dec55-ba08-4a55-8b28-7f5ff9b9cc7c	1525	901	86.754	Jonesia denitrificans strain NCTC10816 genome assembly, chromosome: 1	Jonesia denitrificans
1a1dec55-ba08-4a55-8b28-7f5ff9b9cc7c	1525	901	86.754	Jonesia denitrificans strain NCTC10816 genome assembly, chromosome: 1	Jonesia denitrificans
1a1dec55-ba08-4a55-8b28-7f5ff9b9cc7c	1430	900	87.972	Jonesia denitrificans strain NCTC10816 genome assembly, chromosome: 1	Jonesia denitrificans
1a1dec55-ba08-4a55-8b28-7f5ff9b9cc7c	1457	900	87.577	Jonesia denitrificans strain NCTC10816 genome assembly, chromosome: 1	Jonesia denitrificans
1a1dec55-ba08-4a55-8b28-7f5ff9b9cc7c	1525	901	86.754	Jonesia denitrificans strain FDAARGOS 1440 chromosome, complete genome	Jonesia denitrificans
1a1dec55-ba08-4a55-8b28-7f5ff9b9cc7c	1525	901	86.754	Jonesia denitrificans strain FDAARGOS 1440 chromosome, complete genome	Jonesia denitrificans
1a1dec55-ba08-4a55-8b28-7f5ff9b9cc7c	1525	901	86.754	Jonesia denitrificans strain FDAARGOS 1440 chromosome, complete genome	Jonesia denitrificans
1a1dec55-ba08-4a55-8b28-7f5ff9b9cc7c	1430	900	87.972	Jonesia denitrificans strain FDAARGOS 1440 chromosome, complete genome	Jonesia denitrificans
1a1dec55-ba08-4a55-8b28-7f5ff9b9cc7c	1457	900	87.577	Jonesia denitrificans strain FDAARGOS 1440 chromosome, complete genome	Jonesia denitrificans
1a1dec55-ba08-4a55-8b28-7f5ff9b9cc7c	1525	901	86.754	Jonesia denitrificans DSM 20603, complete genome	Jonesia denitrificans DSM 20603
1a1dec55-ba08-4a55-8b28-7f5ff9b9cc7c	1525	901	86.754	Jonesia denitrificans DSM 20603, complete genome	Jonesia denitrificans DSM 20603
1a1dec55-ba08-4a55-8b28-7f5ff9b9cc7c	1525	901	86.754	Jonesia denitrificans DSM 20603, complete genome	Jonesia denitrificans DSM 20603
1a1dec55-ba08-4a55-8b28-7f5ff9b9cc7c	1430	900	87.972	Jonesia denitrificans DSM 20603, complete genome	Jonesia denitrificans DSM 20603
1a1dec55-ba08-4a55-8b28-7f5ff9b9cc7c	1457	900	87.577	Jonesia denitrificans DSM 20603, complete genome	Jonesia denitrificans DSM 20603
1a1dec55-ba08-4a55-8b28-7f5ff9b9cc7c	1451	901	87.733	Jonesia quinghaiensis strain QH3A7 16S ribosomal RNA, partial sequence	Jonesia quinghaiensis
1a1dec55-ba08-4a55-8b28-7f5ff9b9cc7c	1429	899	87.964	Jonesia denitrificans strain DSM 20603 16S ribosomal RNA, partial sequence	Jonesia denitrificans
1a1dec55-ba08-4a55-8b28-7f5ff9b9cc7c	1445	896	87.682	Jonesia sp. strain PSD23_TSBA500_9 16S ribosomal RNA gene, partial sequence	Jonesia sp.
1a1dec55-ba08-4a55-8b28-7f5ff9b9cc7c	1394	895	88.379	Agromyces binzhouensis strain BT102 16S ribosomal RNA gene, partial sequence	Agromyces binzhouensis
1a1dec55-ba08-4a55-8b28-7f5ff9b9cc7c	1407	895	88.202	Agromyces sp. strain BY5-10 16S ribosomal RNA gene, partial sequence	Agromyces sp.
1a1dec55-ba08-4a55-8b28-7f5ff9b9cc7c	1415	888	87.915	Jonesia sp. strain MGB 1190 16S ribosomal RNA gene, partial sequence	Jonesia sp.
1a1dec55-ba08-4a55-8b28-7f5ff9b9cc7c	1513	885	86.583	Uncultured bacterium clone YF617 16S ribosomal RNA gene, partial sequence	uncultured bacterium
1a1dec55-ba08-4a55-8b28-7f5ff9b9cc7c	1412	883	87.819	Uncultured bacterium clone LL143-5J10 16S ribosomal RNA gene, partial sequence	uncultured bacterium
1a1dec55-ba08-4a55-8b28-7f5ff9b9cc7c	1429	880	87.544	Jonesia sp. TUT1015 gene for 16S rRNA, partial sequence	Jonesia sp. TUT1015
1a1dec55-ba08-4a55-8b28-7f5ff9b9cc7c	1524	877	86.286	Jonesia denitrificans strain 55134 16S ribosomal RNA, partial sequence	Jonesia denitrificans;Jonesia denitrificans DSM 20603
1a1dec55-ba08-4a55-8b28-7f5ff9b9cc7c	1392	876	88.003	uncultured bacterium partial 16S rRNA gene	uncultured bacterium
1a1dec55-ba08-4a55-8b28-7f5ff9b9cc7c	1392	874	87.931	uncultured bacterium partial 16S rRNA gene	uncultured bacterium
1a1dec55-ba08-4a55-8b28-7f5ff9b9cc7c	1406	873	87.767	Sanguibacter sp. strain B4h13 16S ribosomal RNA gene, partial sequence	Sanguibacter sp.
1a1dec55-ba08-4a55-8b28-7f5ff9b9cc7c	1392	872	87.859	uncultured bacterium partial 16S rRNA gene	uncultured bacterium
1a1dec55-ba08-4a55-8b28-7f5ff9b9cc7c	1392	871	87.859	uncultured bacterium partial 16S rRNA gene	uncultured bacterium
1a1dec55-ba08-4a55-8b28-7f5ff9b9cc7c	1429	871	87.334	Jonesia sp. TUT1016 gene for 16S rRNA, partial sequence	Jonesia sp. TUT1016
1a1dec55-ba08-4a55-8b28-7f5ff9b9cc7c	1392	869	87.787	uncultured bacterium partial 16S rRNA gene	uncultured bacterium
1a1dec55-ba08-4a55-8b28-7f5ff9b9cc7c	1421	868	87.403	Jonesia quinghaiensis strain SQA-75 16S ribosomal RNA gene, partial sequence	Jonesia quinghaiensis
1a1dec55-ba08-4a55-8b28-7f5ff9b9cc7c	1392	868	87.787	uncultured bacterium partial 16S rRNA gene	uncultured bacterium
1a1dec55-ba08-4a55-8b28-7f5ff9b9cc7c	1392	868	87.787	uncultured bacterium partial 16S rRNA gene	uncultured bacterium
51782a97-8ae5-444b-8175-2db0b4b77104	1497	1396	97.929	Uncultured Pseudomonas sp. clone SQ2a_Pitesti 16S ribosomal RNA gene, partial sequence	uncultured Pseudomonas sp.
51782a97-8ae5-444b-8175-2db0b4b77104	1483	1395	98.179	Pseudomonas sp. MBEF06 gene for 16S rRNA, partial sequence	Pseudomonas sp. MBEF06
51782a97-8ae5-444b-8175-2db0b4b77104	1500	1393	97.800	Pseudomonas sp. YM-6 16S ribosomal RNA gene, partial sequence	Pseudomonas sp. YM-6
51782a97-8ae5-444b-8175-2db0b4b77104	1503	1390	97.671	Pseudomonas stutzeri strain 273 chromosome, complete genome	Stutzerimonas stutzeri
51782a97-8ae5-444b-8175-2db0b4b77104	1503	1387	97.605	Pseudomonas stutzeri strain 273 chromosome, complete genome	Stutzerimonas stutzeri
51782a97-8ae5-444b-8175-2db0b4b77104	1503	1387	97.605	Pseudomonas stutzeri strain 273 chromosome, complete genome	Stutzerimonas stutzeri
51782a97-8ae5-444b-8175-2db0b4b77104	1503	1375	97.339	Pseudomonas stutzeri strain 273 chromosome, complete genome	Stutzerimonas stutzeri
51782a97-8ae5-444b-8175-2db0b4b77104	1503	1390	97.671	Pseudomonas zhaodongensis strain LQ01-5 chromosome, complete genome	[Pseudomonas] zhaodongensis
51782a97-8ae5-444b-8175-2db0b4b77104	1503	1390	97.671	Pseudomonas zhaodongensis strain LQ01-5 chromosome, complete genome	[Pseudomonas] zhaodongensis
51782a97-8ae5-444b-8175-2db0b4b77104	1503	1390	97.671	Pseudomonas zhaodongensis strain LQ01-5 chromosome, complete genome	[Pseudomonas] zhaodongensis
51782a97-8ae5-444b-8175-2db0b4b77104	1503	1390	97.671	Pseudomonas zhaodongensis strain LQ01-5 chromosome, complete genome	[Pseudomonas] zhaodongensis
51782a97-8ae5-444b-8175-2db0b4b77104	1497	1390	97.796	Uncultured soil bacterium clone F32_Pitesti 16S ribosomal RNA gene, complete sequence	uncultured soil bacterium
51782a97-8ae5-444b-8175-2db0b4b77104	1497	1390	97.796	Uncultured soil bacterium clone F29_Pitesti 16S ribosomal RNA gene, complete sequence	uncultured soil bacterium
51782a97-8ae5-444b-8175-2db0b4b77104	1499	1389	97.732	Uncultured Pseudomonas sp. clone HA_95 16S ribosomal RNA gene, partial sequence	uncultured Pseudomonas sp.
51782a97-8ae5-444b-8175-2db0b4b77104	1483	1389	98.045	Pseudomonas cf. stutzeri V4.MO.16 partial 16S rRNA gene	Stutzerimonas cf. stutzeri V4.MO.16
51782a97-8ae5-444b-8175-2db0b4b77104	1499	1389	97.732	Pseudomonas stutzeri partial 16S rRNA gene, strain 4C71	Stutzerimonas stutzeri
51782a97-8ae5-444b-8175-2db0b4b77104	1503	1387	97.605	Pseudomonas sp. MT-1 DNA, nearly complete genome	Pseudomonas sp. MT-1
51782a97-8ae5-444b-8175-2db0b4b77104	1504	1381	97.473	Pseudomonas sp. MT-1 DNA, nearly complete genome	Pseudomonas sp. MT-1
51782a97-8ae5-444b-8175-2db0b4b77104	1504	1376	97.340	Pseudomonas sp. MT-1 DNA, nearly complete genome	Pseudomonas sp. MT-1
51782a97-8ae5-444b-8175-2db0b4b77104	587	552	98.126	Pseudomonas sp. MT-1 DNA, nearly complete genome	Pseudomonas sp. MT-1
51782a97-8ae5-444b-8175-2db0b4b77104	65	55	95.385	Pseudomonas sp. MT-1 DNA, nearly complete genome	Pseudomonas sp. MT-1
51782a97-8ae5-444b-8175-2db0b4b77104	1503	1387	97.605	Uncultured bacterium clone Bac29 16S ribosomal RNA gene, partial sequence	uncultured bacterium
51782a97-8ae5-444b-8175-2db0b4b77104	1499	1386	97.665	Uncultured Pseudomonas sp. clone HA_65 16S ribosomal RNA gene, partial sequence	uncultured Pseudomonas sp.
51782a97-8ae5-444b-8175-2db0b4b77104	1499	1386	97.665	Uncultured Pseudomonas sp. clone HA_64 16S ribosomal RNA gene, partial sequence	uncultured Pseudomonas sp.
51782a97-8ae5-444b-8175-2db0b4b77104	1499	1386	97.665	Uncultured Pseudomonas sp. clone HA_61 16S ribosomal RNA gene, partial sequence	uncultured Pseudomonas sp.
51782a97-8ae5-444b-8175-2db0b4b77104	1499	1386	97.665	Uncultured Pseudomonas sp. clone HA_6 16S ribosomal RNA gene, partial sequence	uncultured Pseudomonas sp.
51782a97-8ae5-444b-8175-2db0b4b77104	1499	1386	97.665	Pseudomonas sp. BT1 16S rRNA, partial sequence	Pseudomonas sp. BT1
51782a97-8ae5-444b-8175-2db0b4b77104	1500	1385	97.600	Uncultured bacterium clone 6 16S ribosomal RNA gene, partial sequence	uncultured bacterium
51782a97-8ae5-444b-8175-2db0b4b77104	1491	1385	97.787	Uncultured Pseudomonadales bacterium clone Mn10_17 16S ribosomal RNA gene, partial sequence	uncultured Pseudomonadales bacterium
51782a97-8ae5-444b-8175-2db0b4b77104	1503	1384	97.538	Pseudomonadaceae bacterium SI-3 chromosome, complete genome	Pseudomonadaceae bacterium SI-3
51782a97-8ae5-444b-8175-2db0b4b77104	1503	1384	97.538	Pseudomonadaceae bacterium SI-3 chromosome, complete genome	Pseudomonadaceae bacterium SI-3
51782a97-8ae5-444b-8175-2db0b4b77104	1503	1384	97.538	Pseudomonadaceae bacterium SI-3 chromosome, complete genome	Pseudomonadaceae bacterium SI-3
51782a97-8ae5-444b-8175-2db0b4b77104	1503	1384	97.538	Pseudomonadaceae bacterium SI-3 chromosome, complete genome	Pseudomonadaceae bacterium SI-3
51782a97-8ae5-444b-8175-2db0b4b77104	1497	1384	97.662	Pseudomonas sp. 10B238 16S ribosomal RNA gene, partial sequence	Pseudomonas sp. 10B238
51782a97-8ae5-444b-8175-2db0b4b77104	1503	1384	97.538	Pseudomonas stutzeri strain 28a24, complete genome	Stutzerimonas stutzeri
51782a97-8ae5-444b-8175-2db0b4b77104	1503	1384	97.538	Pseudomonas stutzeri strain 28a24, complete genome	Stutzerimonas stutzeri
51782a97-8ae5-444b-8175-2db0b4b77104	1503	1381	97.472	Pseudomonas stutzeri strain 28a24, complete genome	Stutzerimonas stutzeri
51782a97-8ae5-444b-8175-2db0b4b77104	1503	1381	97.472	Pseudomonas stutzeri strain 28a24, complete genome	Stutzerimonas stutzeri
51782a97-8ae5-444b-8175-2db0b4b77104	1503	1384	97.538	Pseudomonas sp. DNDY-54 chromosome, complete genome	Pseudomonas sp. DNDY-54
51782a97-8ae5-444b-8175-2db0b4b77104	1503	1384	97.538	Pseudomonas sp. DNDY-54 chromosome, complete genome	Pseudomonas sp. DNDY-54
51782a97-8ae5-444b-8175-2db0b4b77104	1503	1378	97.405	Pseudomonas sp. DNDY-54 chromosome, complete genome	Pseudomonas sp. DNDY-54
51782a97-8ae5-444b-8175-2db0b4b77104	1503	1378	97.405	Pseudomonas sp. DNDY-54 chromosome, complete genome	Pseudomonas sp. DNDY-54
51782a97-8ae5-444b-8175-2db0b4b77104	1503	1384	97.538	Uncultured bacterium clone B20-101 16S ribosomal RNA gene, partial sequence	uncultured bacterium
51782a97-8ae5-444b-8175-2db0b4b77104	1503	1384	97.538	Pseudomonas zhaodongensis strain A252 chromosome, complete genome	[Pseudomonas] zhaodongensis
51782a97-8ae5-444b-8175-2db0b4b77104	1503	1384	97.538	Pseudomonas zhaodongensis strain A252 chromosome, complete genome	[Pseudomonas] zhaodongensis
51782a97-8ae5-444b-8175-2db0b4b77104	1503	1381	97.472	Pseudomonas zhaodongensis strain A252 chromosome, complete genome	[Pseudomonas] zhaodongensis
51782a97-8ae5-444b-8175-2db0b4b77104	1503	1378	97.405	Pseudomonas zhaodongensis strain A252 chromosome, complete genome	[Pseudomonas] zhaodongensis
51782a97-8ae5-444b-8175-2db0b4b77104	1503	1384	97.538	Uncultured bacterium clone ZBAF-D14 16S ribosomal RNA gene, partial sequence	uncultured bacterium
51782a97-8ae5-444b-8175-2db0b4b77104	1501	1382	97.535	Uncultured bacterium clone N-25 16S ribosomal RNA gene, partial sequence	uncultured bacterium
51782a97-8ae5-444b-8175-2db0b4b77104	1500	1381	97.533	Pseudomonas sp. strain BIS1072 16S ribosomal RNA gene, partial sequence	Pseudomonas sp.
51782a97-8ae5-444b-8175-2db0b4b77104	1500	1381	97.533	Uncultured bacterium clone 16S20 16S ribosomal RNA gene, partial sequence	uncultured bacterium
51782a97-8ae5-444b-8175-2db0b4b77104	1503	1381	97.472	Pseudomonas knackmussii strain B09-2 chromosome, complete genome	Pseudomonas knackmussii
51782a97-8ae5-444b-8175-2db0b4b77104	1503	1381	97.472	Pseudomonas knackmussii strain B09-2 chromosome, complete genome	Pseudomonas knackmussii
51782a97-8ae5-444b-8175-2db0b4b77104	1503	1381	97.472	Pseudomonas knackmussii strain B09-2 chromosome, complete genome	Pseudomonas knackmussii
51782a97-8ae5-444b-8175-2db0b4b77104	1503	1378	97.405	Pseudomonas knackmussii strain B09-2 chromosome, complete genome	Pseudomonas knackmussii
51782a97-8ae5-444b-8175-2db0b4b77104	1503	1381	97.472	Pseudomonas stutzeri strain F2 chromosome, complete genome	Stutzerimonas stutzeri
51782a97-8ae5-444b-8175-2db0b4b77104	1503	1378	97.405	Pseudomonas stutzeri strain F2 chromosome, complete genome	Stutzerimonas stutzeri
51782a97-8ae5-444b-8175-2db0b4b77104	1503	1378	97.405	Pseudomonas stutzeri strain F2 chromosome, complete genome	Stutzerimonas stutzeri
51782a97-8ae5-444b-8175-2db0b4b77104	1503	1375	97.339	Pseudomonas stutzeri strain F2 chromosome, complete genome	Stutzerimonas stutzeri
51782a97-8ae5-444b-8175-2db0b4b77104	1488	1381	97.782	Uncultured bacterium clone EMIRGE_OTU_s3t2d_1855 16S ribosomal RNA gene, partial sequence	uncultured bacterium
51782a97-8ae5-444b-8175-2db0b4b77104	1503	1381	97.472	Uncultured bacterium clone HWGB-33 16S ribosomal RNA gene, partial sequence	uncultured bacterium
51782a97-8ae5-444b-8175-2db0b4b77104	1500	1381	97.533	Pseudomonas stutzeri strain hyss62 16S ribosomal RNA gene, partial sequence	Stutzerimonas stutzeri
51782a97-8ae5-444b-8175-2db0b4b77104	1503	1381	97.472	Pseudomonas sp. CF14-10 16S ribosomal RNA gene, partial sequence	Pseudomonas sp. CF14-10
51782a97-8ae5-444b-8175-2db0b4b77104	1500	1381	97.533	Pseudomonas sp. 168 partial 16S rRNA gene, isolate 168	Pseudomonas sp. 168
51782a97-8ae5-444b-8175-2db0b4b77104	1490	1380	97.718	Pseudomonas stutzeri partial 16S rRNA gene, strain 4C57	Stutzerimonas stutzeri
51782a97-8ae5-444b-8175-2db0b4b77104	1503	1378	97.405	Pseudomonas stutzeri strain NCTC10475 genome assembly, chromosome: 1	Stutzerimonas stutzeri
51782a97-8ae5-444b-8175-2db0b4b77104	1503	1378	97.405	Pseudomonas stutzeri strain NCTC10475 genome assembly, chromosome: 1	Stutzerimonas stutzeri
51782a97-8ae5-444b-8175-2db0b4b77104	1503	1378	97.405	Pseudomonas stutzeri strain NCTC10475 genome assembly, chromosome: 1	Stutzerimonas stutzeri
51782a97-8ae5-444b-8175-2db0b4b77104	1503	1378	97.405	Pseudomonas stutzeri strain NCTC10475 genome assembly, chromosome: 1	Stutzerimonas stutzeri
51782a97-8ae5-444b-8175-2db0b4b77104	1503	1378	97.405	Pseudomonas kunmingensis strain 7850S chromosome, complete genome	Stutzerimonas kunmingensis
51782a97-8ae5-444b-8175-2db0b4b77104	1503	1378	97.405	Pseudomonas kunmingensis strain 7850S chromosome, complete genome	Stutzerimonas kunmingensis
51782a97-8ae5-444b-8175-2db0b4b77104	1503	1378	97.405	Pseudomonas kunmingensis strain 7850S chromosome, complete genome	Stutzerimonas kunmingensis
51782a97-8ae5-444b-8175-2db0b4b77104	1503	1378	97.405	Pseudomonas kunmingensis strain 7850S chromosome, complete genome	Stutzerimonas kunmingensis
51782a97-8ae5-444b-8175-2db0b4b77104	1503	1378	97.405	Pseudomonas chloritidismutans strain 6L11 chromosome, complete genome	Stutzerimonas chloritidismutans
51782a97-8ae5-444b-8175-2db0b4b77104	1503	1378	97.405	Pseudomonas chloritidismutans strain 6L11 chromosome, complete genome	Stutzerimonas chloritidismutans
51782a97-8ae5-444b-8175-2db0b4b77104	1503	1378	97.405	Pseudomonas chloritidismutans strain 6L11 chromosome, complete genome	Stutzerimonas chloritidismutans
51782a97-8ae5-444b-8175-2db0b4b77104	1503	1378	97.405	Pseudomonas chloritidismutans strain 6L11 chromosome, complete genome	Stutzerimonas chloritidismutans
51782a97-8ae5-444b-8175-2db0b4b77104	1503	1378	97.405	Uncultured Pseudomonas sp. partial 16S rRNA gene, clone H81	uncultured Pseudomonas sp.
51782a97-8ae5-444b-8175-2db0b4b77104	1503	1378	97.405	Pseudomonas stutzeri strain FDAARGOS_1065 chromosome, complete genome	Stutzerimonas stutzeri
51782a97-8ae5-444b-8175-2db0b4b77104	1503	1378	97.405	Pseudomonas stutzeri strain FDAARGOS_1065 chromosome, complete genome	Stutzerimonas stutzeri
51782a97-8ae5-444b-8175-2db0b4b77104	1503	1378	97.405	Pseudomonas stutzeri strain FDAARGOS_1065 chromosome, complete genome	Stutzerimonas stutzeri
51782a97-8ae5-444b-8175-2db0b4b77104	1503	1378	97.405	Pseudomonas stutzeri strain FDAARGOS_1065 chromosome, complete genome	Stutzerimonas stutzeri
51782a97-8ae5-444b-8175-2db0b4b77104	1503	1378	97.405	Pseudomonas stutzeri CCUG 29243, complete genome	Stutzerimonas stutzeri CCUG 29243
51782a97-8ae5-444b-8175-2db0b4b77104	1503	1378	97.405	Pseudomonas stutzeri CCUG 29243, complete genome	Stutzerimonas stutzeri CCUG 29243
51782a97-8ae5-444b-8175-2db0b4b77104	1503	1378	97.405	Pseudomonas stutzeri CCUG 29243, complete genome	Stutzerimonas stutzeri CCUG 29243
51782a97-8ae5-444b-8175-2db0b4b77104	1503	1375	97.339	Pseudomonas stutzeri CCUG 29243, complete genome	Stutzerimonas stutzeri CCUG 29243
51782a97-8ae5-444b-8175-2db0b4b77104	1500	1378	97.467	Pseudomonas sp. 106 16S ribosomal RNA gene, partial sequence	Pseudomonas sp. 106
51782a97-8ae5-444b-8175-2db0b4b77104	1500	1378	97.467	Pseudomonas sp. 53 16S ribosomal RNA gene, partial sequence	uncultured Pseudomonas sp.;Pseudomonas sp. 53
51782a97-8ae5-444b-8175-2db0b4b77104	1483	1377	97.775	Pseudomonas sp. MBEE126 gene for 16S rRNA, partial sequence	Pseudomonas sp. MBEE126
51782a97-8ae5-444b-8175-2db0b4b77104	1504	1376	97.340	Uncultured bacterium clone SPN0-300day-99 16S ribosomal RNA gene, partial sequence	uncultured bacterium
51782a97-8ae5-444b-8175-2db0b4b77104	1504	1376	97.340	Uncultured bacterium clone SPN0-90day-87 16S ribosomal RNA gene, partial sequence	uncultured bacterium
51782a97-8ae5-444b-8175-2db0b4b77104	1501	1376	97.402	Uncultured bacterium clone N-154 16S ribosomal RNA gene, partial sequence	uncultured bacterium
51782a97-8ae5-444b-8175-2db0b4b77104	1504	1376	97.340	Pseudomonas stutzeri strain M4 16S ribosomal RNA gene, partial sequence	Stutzerimonas stutzeri
7b348073-5f58-4efa-b752-b9553c16d3ce	889	843	98.425	Ipomoea triloba isolate ITV4963 chloroplast, complete genome	Ipomoea triloba
7b348073-5f58-4efa-b752-b9553c16d3ce	889	843	98.425	Ipomoea x leucantha chloroplast, complete genome	Ipomoea x leucantha
7b348073-5f58-4efa-b752-b9553c16d3ce	889	843	98.425	Ipomoea tabascana chloroplast, complete genome	Ipomoea tabascana
7b348073-5f58-4efa-b752-b9553c16d3ce	889	843	98.425	Ipomoea cordatotriloba chloroplast, complete genome	Ipomoea cordatotriloba
7b348073-5f58-4efa-b752-b9553c16d3ce	889	843	98.425	Ipomoea cynanchifolia chloroplast, complete genome	Ipomoea cynanchifolia
7b348073-5f58-4efa-b752-b9553c16d3ce	889	843	98.425	Ipomoea triloba cultivar NCNSP0323 chromosome 7	Ipomoea triloba
7b348073-5f58-4efa-b752-b9553c16d3ce	889	843	98.425	Ipomoea triloba cultivar NCNSP0323 chromosome 7	Ipomoea triloba
7b348073-5f58-4efa-b752-b9553c16d3ce	820	754	97.439	Ipomoea triloba cultivar NCNSP0323 chromosome 7	Ipomoea triloba
7b348073-5f58-4efa-b752-b9553c16d3ce	889	843	98.425	Ipomoea x leucantha chloroplast, complete genome	Ipomoea x leucantha
7b348073-5f58-4efa-b752-b9553c16d3ce	889	843	98.425	Ipomoea triloba chloroplast, complete genome	Ipomoea triloba
7b348073-5f58-4efa-b752-b9553c16d3ce	889	843	98.425	Ipomoea trifida chloroplast, complete genome	Ipomoea trifida
7b348073-5f58-4efa-b752-b9553c16d3ce	889	843	98.425	Ipomoea tabascana chloroplast, complete genome	Ipomoea tabascana
7b348073-5f58-4efa-b752-b9553c16d3ce	889	843	98.425	Ipomoea lacunosa chloroplast, complete genome	Ipomoea lacunosa
7b348073-5f58-4efa-b752-b9553c16d3ce	889	843	98.425	Ipomoea cordatotriloba chloroplast, complete genome	Ipomoea cordatotriloba
7b348073-5f58-4efa-b752-b9553c16d3ce	889	843	98.425	Ipomoea cynanchifolia chloroplast, complete genome	Ipomoea cynanchifolia
7b348073-5f58-4efa-b752-b9553c16d3ce	889	843	98.425	Ipomoea triloba voucher KIOM201701018921 chloroplast, complete genome	Ipomoea triloba
7b348073-5f58-4efa-b752-b9553c16d3ce	889	843	98.425	Ipomoea lacunosa voucher KIOM201701018906 chloroplast, complete genome	Ipomoea lacunosa
7b348073-5f58-4efa-b752-b9553c16d3ce	889	843	98.425	Ipomoea triloba chloroplast, complete genome	Ipomoea triloba
7b348073-5f58-4efa-b752-b9553c16d3ce	889	843	98.425	Ipomoea lacunosa chloroplast, complete genome	Ipomoea lacunosa
7b348073-5f58-4efa-b752-b9553c16d3ce	889	843	98.425	Ipomoea triloba voucher Li ZY, Xiang XG, Xu SZ 201509190 tRNA-Lys (trnK) gene, partial sequence; and maturase K (matK) gene, partial cds; chloroplast	Ipomoea triloba
7b348073-5f58-4efa-b752-b9553c16d3ce	889	843	98.425	Ipomoea triloba voucher Li ZY, Xiang XG, Xu SZ 201509156 tRNA-Lys (trnK) gene, partial sequence; and maturase K (matK) gene, partial cds; chloroplast	Ipomoea triloba
7b348073-5f58-4efa-b752-b9553c16d3ce	889	843	98.425	Ipomoea lacunosa voucher Li ZY, Xiang XG, Xu SZ 201509150 tRNA-Lys (trnK) gene, partial sequence; and maturase K (matK) gene, partial cds; chloroplast	Ipomoea lacunosa
7b348073-5f58-4efa-b752-b9553c16d3ce	889	843	98.425	Ipomoea triloba voucher Li ZY, Xiang XG, Xu SZ 201509146 tRNA-Lys (trnK) gene, partial sequence; and maturase K (matK) gene, partial cds; chloroplast	Ipomoea triloba
7b348073-5f58-4efa-b752-b9553c16d3ce	889	843	98.425	Ipomoea triloba voucher Li ZY, Xiang XG, Xu SZ 201509143 tRNA-Lys (trnK) gene, partial sequence; and maturase K (matK) gene, partial cds; chloroplast	Ipomoea triloba
7b348073-5f58-4efa-b752-b9553c16d3ce	889	843	98.425	Ipomoea trifida plastid, complete genome	Ipomoea trifida
7b348073-5f58-4efa-b752-b9553c16d3ce	889	843	98.425	Ipomoea batatas cultivar Xushu 18 chloroplast, complete genome	Ipomoea batatas
7b348073-5f58-4efa-b752-b9553c16d3ce	889	843	98.425	Ipomoea batatas chloroplast, complete genome	Ipomoea batatas
7b348073-5f58-4efa-b752-b9553c16d3ce	889	843	98.425	Ipomoea batatas chloroplast, complete genome	Ipomoea batatas
7b348073-5f58-4efa-b752-b9553c16d3ce	889	843	98.425	Ipomoea batatas chloroplast, complete genome	Ipomoea batatas
7b348073-5f58-4efa-b752-b9553c16d3ce	889	843	98.425	Ipomoea cordatotriloba chloroplast, partial genome	Ipomoea cordatotriloba
7b348073-5f58-4efa-b752-b9553c16d3ce	889	843	98.425	Ipomoea trifida chloroplast, partial genome	Ipomoea trifida
7b348073-5f58-4efa-b752-b9553c16d3ce	889	843	98.425	Ipomoea trifida chloroplast, partial genome	Ipomoea trifida
7b348073-5f58-4efa-b752-b9553c16d3ce	889	843	98.425	Ipomoea batatas chloroplast, partial genome	Ipomoea batatas
7b348073-5f58-4efa-b752-b9553c16d3ce	889	843	98.425	Ipomoea batatas chloroplast, partial genome	Ipomoea batatas
7b348073-5f58-4efa-b752-b9553c16d3ce	889	843	98.425	Ipomoea batatas chloroplast, partial genome	Ipomoea batatas
7b348073-5f58-4efa-b752-b9553c16d3ce	889	843	98.425	Ipomoea batatas chloroplast, complete genome.	Ipomoea batatas
7b348073-5f58-4efa-b752-b9553c16d3ce	889	843	98.425	Ipomoea batatas cultivar clm chloroplast, complete genome.	Ipomoea batatas
7b348073-5f58-4efa-b752-b9553c16d3ce	889	841	98.313	Ipomoea batatas chloroplast partial matK gene for maturase	Ipomoea batatas
7b348073-5f58-4efa-b752-b9553c16d3ce	889	840	98.313	Ipomoea ramosissima chloroplast, complete genome	Ipomoea ramosissima
7b348073-5f58-4efa-b752-b9553c16d3ce	889	840	98.313	Ipomoea ramosissima chloroplast, complete genome	Ipomoea ramosissima
7b348073-5f58-4efa-b752-b9553c16d3ce	876	837	98.630	Ipomoea lacunosa isolate CBT-2018-03 maturase K (matK) gene, partial cds; chloroplast	Ipomoea lacunosa
7b348073-5f58-4efa-b752-b9553c16d3ce	889	837	98.200	Ipomoea splendor-sylvae chloroplast, complete genome	Ipomoea splendor-sylvae
7b348073-5f58-4efa-b752-b9553c16d3ce	889	837	98.200	Ipomoea splendor-sylvae chloroplast, complete genome	Ipomoea splendor-sylvae
7b348073-5f58-4efa-b752-b9553c16d3ce	889	837	98.200	Ipomoea leptophylla voucher Steele 1349 maturase K (matK) gene, complete cds; plastid	Ipomoea leptophylla
7b348073-5f58-4efa-b752-b9553c16d3ce	889	837	98.200	Ipomoea splendor-sylvae chloroplast, partial genome	Ipomoea splendor-sylvae
7b348073-5f58-4efa-b752-b9553c16d3ce	889	837	98.200	Ipomoea setosa chloroplast, partial genome	Ipomoea setosa
7b348073-5f58-4efa-b752-b9553c16d3ce	891	836	98.092	Ipomoea hederifolia voucher Li ZY, Xu SZ, Zhou MH 13516 tRNA-Lys (trnK) gene, partial sequence; and maturase K (matK) gene, complete cds; chloroplast	Ipomoea hederifolia
7b348073-5f58-4efa-b752-b9553c16d3ce	891	836	98.092	Ipomoea hederifolia chloroplast, partial genome	Ipomoea hederifolia
7b348073-5f58-4efa-b752-b9553c16d3ce	889	834	98.088	Ipomoea marabensis isolate ITV2328 chloroplast, complete genome	Ipomoea marabensis
7b348073-5f58-4efa-b752-b9553c16d3ce	889	834	98.088	Ipomoea cavalcantei isolate ITV3206 chloroplast, complete genome	Ipomoea cavalcantei
7b348073-5f58-4efa-b752-b9553c16d3ce	889	834	98.088	Ipomoea marabensis isolate ITV2328 chloroplast, complete genome	Ipomoea marabensis
7b348073-5f58-4efa-b752-b9553c16d3ce	889	834	98.088	Ipomoea cavalcantei isolate ITV3206 chloroplast, complete genome	Ipomoea cavalcantei
6dc45ac7-3b66-4946-8dda-4a179d37c91e	886	738	94.582	Guapira discolor chloroplast	Guapira discolor
6dc45ac7-3b66-4946-8dda-4a179d37c91e	886	738	94.582	Guapira riedeliana chloroplast matK gene for maturase K, isolate AC630	Guapira riedeliana
6dc45ac7-3b66-4946-8dda-4a179d37c91e	886	729	94.244	Pisonia aculeata voucher 14CS8967 (KUN) plastid, complete genome	Pisonia aculeata
6dc45ac7-3b66-4946-8dda-4a179d37c91e	54	41	92.593	Pisonia aculeata voucher 14CS8967 (KUN) plastid, complete genome	Pisonia aculeata
6dc45ac7-3b66-4946-8dda-4a179d37c91e	886	729	94.244	Pisonia aculeata plastid, complete genome	Pisonia aculeata
6dc45ac7-3b66-4946-8dda-4a179d37c91e	54	41	92.593	Pisonia aculeata plastid, complete genome	Pisonia aculeata
6dc45ac7-3b66-4946-8dda-4a179d37c91e	886	717	93.792	Bougainvillea pachyphylla chloroplast, complete genome	Bougainvillea pachyphylla
6dc45ac7-3b66-4946-8dda-4a179d37c91e	54	41	92.593	Bougainvillea pachyphylla chloroplast, complete genome	Bougainvillea pachyphylla
6dc45ac7-3b66-4946-8dda-4a179d37c91e	886	717	93.792	Bougainvillea peruviana chloroplast, complete genome	Bougainvillea peruviana
6dc45ac7-3b66-4946-8dda-4a179d37c91e	54	41	92.593	Bougainvillea peruviana chloroplast, complete genome	Bougainvillea peruviana
6dc45ac7-3b66-4946-8dda-4a179d37c91e	886	714	93.679	Bougainvillea peruviana chloroplast, complete genome	Bougainvillea peruviana
6dc45ac7-3b66-4946-8dda-4a179d37c91e	54	41	92.593	Bougainvillea peruviana chloroplast, complete genome	Bougainvillea peruviana
6dc45ac7-3b66-4946-8dda-4a179d37c91e	886	714	93.679	Bougainvillea hybrid cultivar isolate SJM3 chloroplast, complete genome	Bougainvillea hybrid cultivar
6dc45ac7-3b66-4946-8dda-4a179d37c91e	54	41	92.593	Bougainvillea hybrid cultivar isolate SJM3 chloroplast, complete genome	Bougainvillea hybrid cultivar
6dc45ac7-3b66-4946-8dda-4a179d37c91e	886	714	93.679	Bougainvillea peruviana chloroplast, complete genome	Bougainvillea peruviana
6dc45ac7-3b66-4946-8dda-4a179d37c91e	54	41	92.593	Bougainvillea peruviana chloroplast, complete genome	Bougainvillea peruviana
6dc45ac7-3b66-4946-8dda-4a179d37c91e	886	711	93.567	Bougainvillea glabra cultivar Formosa plastid, complete genome	Bougainvillea glabra
6dc45ac7-3b66-4946-8dda-4a179d37c91e	54	41	92.593	Bougainvillea glabra cultivar Formosa plastid, complete genome	Bougainvillea glabra
6dc45ac7-3b66-4946-8dda-4a179d37c91e	853	711	94.607	Guapira opposita isolate NE831 maturase K (matK) gene, partial cds; chloroplast	Guapira opposita
6dc45ac7-3b66-4946-8dda-4a179d37c91e	853	711	94.607	Guapira tomentosa isolate NE069 maturase K (matK) gene, partial cds; chloroplast	Guapira tomentosa
6dc45ac7-3b66-4946-8dda-4a179d37c91e	886	711	93.567	Bougainvillea praecox voucher 2012063001 SZG chloroplast, complete genome	Bougainvillea praecox
6dc45ac7-3b66-4946-8dda-4a179d37c91e	54	41	92.593	Bougainvillea praecox voucher 2012063001 SZG chloroplast, complete genome	Bougainvillea praecox
6dc45ac7-3b66-4946-8dda-4a179d37c91e	886	711	93.567	Bougainvillea glabra chloroplast, complete genome	Bougainvillea glabra
6dc45ac7-3b66-4946-8dda-4a179d37c91e	54	41	92.593	Bougainvillea glabra chloroplast, complete genome	Bougainvillea glabra
6dc45ac7-3b66-4946-8dda-4a179d37c91e	886	708	93.454	Pisoniella arborescens chloroplast	Pisoniella arborescens
6dc45ac7-3b66-4946-8dda-4a179d37c91e	54	41	92.593	Pisoniella arborescens chloroplast	Pisoniella arborescens
6dc45ac7-3b66-4946-8dda-4a179d37c91e	853	708	94.490	Guapira laxa isolate NE148 maturase K (matK) gene, partial cds; chloroplast	Guapira laxa
6dc45ac7-3b66-4946-8dda-4a179d37c91e	853	708	94.490	Guapira graciliflora isolate NE067 maturase K (matK) gene, partial cds; chloroplast	Guapira graciliflora
6dc45ac7-3b66-4946-8dda-4a179d37c91e	886	708	93.454	Bougainvillea glabra chloroplast, complete genome	Bougainvillea glabra
6dc45ac7-3b66-4946-8dda-4a179d37c91e	54	41	92.593	Bougainvillea glabra chloroplast, complete genome	Bougainvillea glabra
6dc45ac7-3b66-4946-8dda-4a179d37c91e	886	705	93.341	Bougainvillea glabra voucher 19HNNU0722 chloroplast, complete genome	Bougainvillea glabra
6dc45ac7-3b66-4946-8dda-4a179d37c91e	54	41	92.593	Bougainvillea glabra voucher 19HNNU0722 chloroplast, complete genome	Bougainvillea glabra
6dc45ac7-3b66-4946-8dda-4a179d37c91e	886	705	93.341	Bougainvillea glabra chloroplast, complete genome	Bougainvillea glabra
6dc45ac7-3b66-4946-8dda-4a179d37c91e	54	41	92.593	Bougainvillea glabra chloroplast, complete genome	Bougainvillea glabra
6dc45ac7-3b66-4946-8dda-4a179d37c91e	886	705	93.341	Bougainvillea spectabilis chloroplast, complete genome	Bougainvillea spectabilis
6dc45ac7-3b66-4946-8dda-4a179d37c91e	54	41	92.593	Bougainvillea spectabilis chloroplast, complete genome	Bougainvillea spectabilis
6dc45ac7-3b66-4946-8dda-4a179d37c91e	886	705	93.341	Bougainvillea spectabilis voucher 14CS9076 (KUN) plastid, complete genome	Bougainvillea spectabilis
6dc45ac7-3b66-4946-8dda-4a179d37c91e	54	41	92.593	Bougainvillea spectabilis voucher 14CS9076 (KUN) plastid, complete genome	Bougainvillea spectabilis
6dc45ac7-3b66-4946-8dda-4a179d37c91e	886	705	93.341	Bougainvillea spectabilis plastid, complete genome	Bougainvillea spectabilis
6dc45ac7-3b66-4946-8dda-4a179d37c91e	54	41	92.593	Bougainvillea spectabilis plastid, complete genome	Bougainvillea spectabilis
6dc45ac7-3b66-4946-8dda-4a179d37c91e	853	705	94.373	Guapira noxia isolate NE785 maturase K (matK) gene, partial cds; chloroplast	Guapira noxia
6dc45ac7-3b66-4946-8dda-4a179d37c91e	886	705	93.341	Bougainvillea peruviana isolate SJM1 chloroplast, complete genome	Bougainvillea peruviana
6dc45ac7-3b66-4946-8dda-4a179d37c91e	54	41	92.593	Bougainvillea peruviana isolate SJM1 chloroplast, complete genome	Bougainvillea peruviana
6dc45ac7-3b66-4946-8dda-4a179d37c91e	886	705	93.341	Bougainvillea sp. SJM2 chloroplast, complete genome	N/A
6dc45ac7-3b66-4946-8dda-4a179d37c91e	54	41	92.593	Bougainvillea sp. SJM2 chloroplast, complete genome	N/A
6dc45ac7-3b66-4946-8dda-4a179d37c91e	886	705	93.341	Belemia cordata chloroplast, complete genome	Belemia cordata
6dc45ac7-3b66-4946-8dda-4a179d37c91e	54	41	92.593	Belemia cordata chloroplast, complete genome	Belemia cordata
6dc45ac7-3b66-4946-8dda-4a179d37c91e	886	705	93.341	Bougainvillea glabra trnK gene, intron; and maturase K (matK) gene, complete cds; chloroplast	Bougainvillea glabra
6dc45ac7-3b66-4946-8dda-4a179d37c91e	54	41	92.593	Bougainvillea glabra trnK gene, intron; and maturase K (matK) gene, complete cds; chloroplast	Bougainvillea glabra
6dc45ac7-3b66-4946-8dda-4a179d37c91e	886	705	93.341	Bougainvillea spectabilis chloroplast, complete genome	Bougainvillea spectabilis
6dc45ac7-3b66-4946-8dda-4a179d37c91e	54	41	92.593	Bougainvillea spectabilis chloroplast, complete genome	Bougainvillea spectabilis
6dc45ac7-3b66-4946-8dda-4a179d37c91e	886	705	93.341	Bougainvillea hybrid cultivar voucher 2020031204 SZG chloroplast, complete genome	Bougainvillea hybrid cultivar
6dc45ac7-3b66-4946-8dda-4a179d37c91e	54	41	92.593	Bougainvillea hybrid cultivar voucher 2020031204 SZG chloroplast, complete genome	Bougainvillea hybrid cultivar
6dc45ac7-3b66-4946-8dda-4a179d37c91e	886	705	93.341	Bougainvillea sp. HHM-2000 maturase K (matK) gene, partial cds; chloroplast gene for chloroplast product	Bougainvillea cf. glabra (BGM)
6dc45ac7-3b66-4946-8dda-4a179d37c91e	54	41	92.593	Bougainvillea sp. HHM-2000 maturase K (matK) gene, partial cds; chloroplast gene for chloroplast product	Bougainvillea cf. glabra (BGM)
6dc45ac7-3b66-4946-8dda-4a179d37c91e	841	696	94.293	Guapira hirsuta isolate PEEA046 maturase K (matK) gene, partial cds; chloroplast	Guapira hirsuta
6dc45ac7-3b66-4946-8dda-4a179d37c91e	841	693	94.174	Guapira opposita isolate PEEA048 maturase K (matK) gene, partial cds; chloroplast	Guapira opposita
6dc45ac7-3b66-4946-8dda-4a179d37c91e	839	691	94.160	Guapira noxia isolate PEEA047 maturase K (matK) gene, partial cds; chloroplast	Guapira noxia
6dc45ac7-3b66-4946-8dda-4a179d37c91e	800	690	95.500	Guapira obtusata maturase K (matK) gene, partial cds; chloroplast	Guapira obtusata
6dc45ac7-3b66-4946-8dda-4a179d37c91e	784	689	96.046	Guapira discolor voucher Trotta950381 maturase K (matK) gene, partial cds; chloroplast	Guapira discolor
6dc45ac7-3b66-4946-8dda-4a179d37c91e	829	683	94.210	Guapira graciliflora isolate PEEA045 maturase K (matK) gene, partial cds; chloroplast	Guapira graciliflora
6dc45ac7-3b66-4946-8dda-4a179d37c91e	777	682	96.010	Guapira discolor voucher Richard W. Spellenberg 13294 (NMC) maturase K (matK) gene, partial cds; chloroplast	Guapira discolor
6dc45ac7-3b66-4946-8dda-4a179d37c91e	775	680	96.000	Neea belizensis voucher Cyrus L. Lundell 17692 (TEX) maturase K (matK) gene, partial cds; chloroplast	Neea belizensis
6dc45ac7-3b66-4946-8dda-4a179d37c91e	811	679	94.698	Pisonia silvatica voucher Jose L. Linares 13403 (MEXU) maturase K (matK) gene, partial cds; chloroplast	Pisonia silvatica
6dc45ac7-3b66-4946-8dda-4a179d37c91e	838	678	93.795	Ceodes umbellifera maturase K gene, partial cds; chloroplast	Ceodes umbellifera
6dc45ac7-3b66-4946-8dda-4a179d37c91e	800	675	94.875	Pisonia aculeata maturase K (matK) gene, partial cds; chloroplast	Pisonia aculeata
6dc45ac7-3b66-4946-8dda-4a179d37c91e	800	675	94.875	Pisonia aculeata voucher C. Martinez 1209 (TEX) maturase K (matK) gene, partial cds; chloroplast	Pisonia aculeata;Pisonia macranthocarpa
6dc45ac7-3b66-4946-8dda-4a179d37c91e	770	675	95.974	Neea psychotrioides voucher Robert L. Wilbur 63654 maturase K (matK) gene, partial cds; chloroplast	Neea psychotrioides
6dc45ac7-3b66-4946-8dda-4a179d37c91e	784	674	95.408	Pisonia zapallo voucher Israel G. Vargas et al. 2001 (TEX) maturase K (matK) gene, partial cds; chloroplast	Pisonia zapallo
6dc45ac7-3b66-4946-8dda-4a179d37c91e	775	674	95.742	Guapira eggersiana voucher Scott A. Mori 25542/40 (NY) maturase K (matK) gene, partial cds; chloroplast	Guapira eggersiana
6dc45ac7-3b66-4946-8dda-4a179d37c91e	792	673	95.076	Pisonia aculeata maturase K (matK) gene, partial cds; chloroplast	Pisonia aculeata
6dc45ac7-3b66-4946-8dda-4a179d37c91e	800	672	94.750	Pisonia capitata voucher Ana L. Reina Guerrero et al. 2000-193 (NMC) maturase K (matK) gene, partial cds; chloroplast	Pisonia capitata
6dc45ac7-3b66-4946-8dda-4a179d37c91e	707	670	98.303	Neea cauliflora voucher Schanke S15106 (NY) maturase K (matK) gene, partial cds; chloroplast	Neea cauliflora
6dc45ac7-3b66-4946-8dda-4a179d37c91e	813	665	94.096	Neea floribunda voucher NL110119 maturase K (matK) gene, partial cds; chloroplast	Neea floribunda
213379e9-abee-4ab8-8c8c-8865e50385d1	693	563	94.084	Comamonas aquatica strain B1 chromosome, complete genome	Comamonas aquatica
213379e9-abee-4ab8-8c8c-8865e50385d1	690	383	85.507	Comamonas aquatica strain CJG genome	Comamonas aquatica
213379e9-abee-4ab8-8c8c-8865e50385d1	681	380	85.609	Comamonas aquatica isolate BB1454 genome assembly, chromosome: BB1454_hybrid	Comamonas aquatica
213379e9-abee-4ab8-8c8c-8865e50385d1	691	377	85.239	Diaphorobacter sp. JS3051 chromosome, complete genome	Diaphorobacter sp. JS3051
213379e9-abee-4ab8-8c8c-8865e50385d1	696	374	84.914	Comamonas testosteroni TK102, complete genome	Comamonas testosteroni TK102
213379e9-abee-4ab8-8c8c-8865e50385d1	696	374	84.914	Comamonas testosteroni strain R5-28 chromosome, complete genome	Comamonas testosteroni
213379e9-abee-4ab8-8c8c-8865e50385d1	691	371	84.949	Hydrogenophaga taeniospiralis strain LT2 chromosome, complete genome	Hydrogenophaga taeniospiralis
213379e9-abee-4ab8-8c8c-8865e50385d1	681	371	85.169	Comamonas aquatica strain NEB418 chromosome, complete genome	Comamonas aquatica
213379e9-abee-4ab8-8c8c-8865e50385d1	696	368	84.626	Comamonas thiooxydans strain CSUSB4 chromosome, complete genome	Comamonas thiooxydans
213379e9-abee-4ab8-8c8c-8865e50385d1	696	368	84.626	Comamonas testosteroni strain T5-67 chromosome, complete genome	Comamonas testosteroni
213379e9-abee-4ab8-8c8c-8865e50385d1	680	359	84.706	Diaphorobacter sp. JS3050 chromosome, complete genome	Diaphorobacter sp. JS3050
213379e9-abee-4ab8-8c8c-8865e50385d1	691	359	84.370	Delftia acidovorans strain FDAARGOS_997 chromosome, complete genome	Delftia acidovorans
213379e9-abee-4ab8-8c8c-8865e50385d1	682	356	84.457	Delftia tsuruhatensis strain TR1180 chromosome, complete genome	Delftia tsuruhatensis
213379e9-abee-4ab8-8c8c-8865e50385d1	691	356	84.226	Delftia acidovorans strain RAY209 genome	Delftia acidovorans
213379e9-abee-4ab8-8c8c-8865e50385d1	691	356	84.226	Delftia acidovorans isolate ANG1, complete genome	Delftia acidovorans
213379e9-abee-4ab8-8c8c-8865e50385d1	680	356	84.559	Diaphorobacter sp. MNS-0 chromosome, complete genome	Diaphorobacter sp. MNS-0
213379e9-abee-4ab8-8c8c-8865e50385d1	682	356	84.457	Delftia sp. WY8 chromosome, complete genome	Delftia sp. WY8
213379e9-abee-4ab8-8c8c-8865e50385d1	682	356	84.457	Delftia acidovorans strain FDAARGOS_891 chromosome, complete genome	Delftia acidovorans
213379e9-abee-4ab8-8c8c-8865e50385d1	691	356	84.226	Delftia acidovorans SPH-1, complete genome	Delftia acidovorans SPH-1
213379e9-abee-4ab8-8c8c-8865e50385d1	693	353	84.127	Hydrogenophaga pseudoflava strain DSM 1084 chromosome, complete genome	Hydrogenophaga pseudoflava
213379e9-abee-4ab8-8c8c-8865e50385d1	691	353	84.081	Delftia sp. HK171, complete genome	Delftia sp. HK171
213379e9-abee-4ab8-8c8c-8865e50385d1	682	353	84.311	Delftia lacustris HQS1 DNA, complete genome	Delftia lacustris
213379e9-abee-4ab8-8c8c-8865e50385d1	682	353	84.311	Delftia lacustris strain R54 chromosome, complete genome	Delftia lacustris
213379e9-abee-4ab8-8c8c-8865e50385d1	682	353	84.311	Delftia lacustris strain FDAARGOS_890 chromosome, complete genome	Delftia lacustris
213379e9-abee-4ab8-8c8c-8865e50385d1	691	353	84.081	Delftia acidovorans strain FDAARGOS_939 chromosome, complete genome	Delftia acidovorans
213379e9-abee-4ab8-8c8c-8865e50385d1	687	350	84.134	Hydrogenophaga sp. NH-16 chromosome	Hydrogenophaga sp. NH-16
213379e9-abee-4ab8-8c8c-8865e50385d1	684	350	84.211	Delftia tsuruhatensis strain CM13 chromosome, complete genome	Delftia tsuruhatensis
213379e9-abee-4ab8-8c8c-8865e50385d1	693	350	83.983	Hydrogenophaga sp. RAC07 chromosome, complete genome	Hydrogenophaga sp. RAC07
213379e9-abee-4ab8-8c8c-8865e50385d1	682	350	84.164	Delftia acidovorans strain B804 chromosome, complete genome	Delftia acidovorans
213379e9-abee-4ab8-8c8c-8865e50385d1	682	350	84.164	Delftia sp. Cs1-4, complete genome	Delftia sp. Cs1-4
213379e9-abee-4ab8-8c8c-8865e50385d1	693	347	83.838	Comamonas odontotermitis strain WLL chromosome, complete genome	Comamonas odontotermitis
213379e9-abee-4ab8-8c8c-8865e50385d1	680	347	84.118	Acidovorax sp. JS42, complete genome	Acidovorax sp. JS42
213379e9-abee-4ab8-8c8c-8865e50385d1	682	344	83.871	Delftia tsuruhatensis isolate BB1455 genome assembly, chromosome: BB1455_hybrid	Delftia tsuruhatensis
213379e9-abee-4ab8-8c8c-8865e50385d1	682	344	83.871	Delftia acidovorans strain FDAARGOS_909 chromosome, complete genome	Delftia acidovorans
213379e9-abee-4ab8-8c8c-8865e50385d1	680	344	83.971	Acidovorax monticola strain KACC 19171 chromosome, complete genome	Acidovorax monticola
213379e9-abee-4ab8-8c8c-8865e50385d1	692	341	83.526	Rhodoferax sp. BAB1 chromosome, complete genome	Rhodoferax sp. BAB1
213379e9-abee-4ab8-8c8c-8865e50385d1	675	341	84.000	Rhodoferax sp. DCY110, complete genome	Rhodoferax koreense
213379e9-abee-4ab8-8c8c-8865e50385d1	693	338	83.405	Variovorax paradoxus strain 5C-2 chromosome, complete genome	Variovorax paradoxus
213379e9-abee-4ab8-8c8c-8865e50385d1	696	338	83.190	Comamonas testosteroni strain NFYY023 chromosome, complete genome	Comamonas testosteroni
213379e9-abee-4ab8-8c8c-8865e50385d1	692	338	83.382	Acidovorax sp. 1608163 chromosome, complete genome	Acidovorax sp. 1608163
213379e9-abee-4ab8-8c8c-8865e50385d1	691	335	83.213	Diaphorobacter nitroreducens strain SL-205 chromosome, complete genome	Diaphorobacter nitroreducens
213379e9-abee-4ab8-8c8c-8865e50385d1	684	332	83.333	Variovorax boronicumulans strain J1 chromosome, complete genome	Variovorax boronicumulans
213379e9-abee-4ab8-8c8c-8865e50385d1	681	332	83.260	Ramlibacter tataouinensis strain 5-10, complete genome	Ramlibacter tataouinensis
213379e9-abee-4ab8-8c8c-8865e50385d1	693	332	83.117	Hydrogenophaga sp. SL48 chromosome, complete genome	Hydrogenophaga sp. SL48
213379e9-abee-4ab8-8c8c-8865e50385d1	683	332	83.309	Acidovorax ebreus TPSY, complete genome	[Acidovorax] ebreus TPSY
213379e9-abee-4ab8-8c8c-8865e50385d1	680	329	83.235	Acidovorax sp. T1, complete sequence	Acidovorax sp. T1
213379e9-abee-4ab8-8c8c-8865e50385d1	692	329	82.948	Acidovorax sp. RAC01, complete genome	Acidovorax sp. RAC01
213379e9-abee-4ab8-8c8c-8865e50385d1	691	329	82.923	Variovorax sp. PAMC 28711 chromosome, complete genome	Variovorax sp. PAMC 28711
213379e9-abee-4ab8-8c8c-8865e50385d1	678	329	83.333	Hydrogenophaga sp. YM1 chromosome, complete genome	Hydrogenophaga sp. YM1
213379e9-abee-4ab8-8c8c-8865e50385d1	683	329	83.163	Variovorax sp. PAMC26660 chromosome, complete genome	Variovorax sp. PAMC26660
e0718907-6443-4760-9072-b58751f082ac	848	753	96.580	Capparis verrucosa voucher WIS:H.H. Iltis et al. 30524 maturase K (matK) gene, complete cds; chloroplast	Cynophalla verrucosa
e0718907-6443-4760-9072-b58751f082ac	848	753	96.580	Capparis retusa voucher WIS:E.M. Zardini and L. Guerrero 42400 maturase K (matK) gene, complete cds; chloroplast	Cynophalla retusa
e0718907-6443-4760-9072-b58751f082ac	848	753	96.580	Capparis hastata maturase K (matK) gene, complete cds; chloroplast	Cynophalla hastata
e0718907-6443-4760-9072-b58751f082ac	848	747	96.344	Capparis sessilis voucher WIS:H.H. Iltis et al. 30561 maturase K (matK) gene, complete cds; chloroplast	Cynophalla sessilis
e0718907-6443-4760-9072-b58751f082ac	830	744	96.867	Cynophalla flexuosa isolate NE888 maturase K (matK) gene, partial cds; chloroplast	Cynophalla flexuosa
e0718907-6443-4760-9072-b58751f082ac	848	744	96.226	Capparis flexuosa voucher WIS:H.H. Iltis 30319 maturase K (matK) gene, complete cds; chloroplast	Cynophalla flexuosa
e0718907-6443-4760-9072-b58751f082ac	846	732	95.863	Capparis amplissima voucher WIS:H.H. Iltis 31313 maturase K (matK) gene, complete cds; chloroplast	Cynophalla amplissima
e0718907-6443-4760-9072-b58751f082ac	846	717	95.272	Atamisquea emarginata voucher WIS:J.C. Solomon 10473 maturase K (matK) gene, complete cds; chloroplast	Atamisquea emarginata
e0718907-6443-4760-9072-b58751f082ac	845	714	95.148	Capparis pittieri voucher WIS:J.C.Hall 108 maturase K (matK) gene, complete cds; chloroplast	Preslianthus pittieri
e0718907-6443-4760-9072-b58751f082ac	849	709	94.817	Belencita nemorosa voucher WIS:H.H. Iltis et al. 30559 maturase K (matK) gene, complete cds; chloroplast	Belencita nemorosa
e0718907-6443-4760-9072-b58751f082ac	829	708	95.416	Neocalyptrocalyx longifolium isolate NE182 maturase K (matK) gene, partial cds; chloroplast	Neocalyptrocalyx longifolium
e0718907-6443-4760-9072-b58751f082ac	907	707	93.275	Psychrobacter maritimus strain KOPRI_22337 16S ribosomal RNA gene, complete sequence	Psychrobacter maritimus
e0718907-6443-4760-9072-b58751f082ac	479	425	96.451	Psychrobacter maritimus strain KOPRI_22337 16S ribosomal RNA gene, complete sequence	Psychrobacter maritimus
e0718907-6443-4760-9072-b58751f082ac	845	705	94.793	Capparis sp. 2 Iltis et al. 30548 maturase K (matK) gene, complete cds; chloroplast	Capparis sp. 2 Iltis et al. 30548
e0718907-6443-4760-9072-b58751f082ac	845	705	94.793	Capparis indica voucher WIS:H.H. Iltis 30230 maturase K (matK) gene, complete cds; chloroplast	Quadrella indica
e0718907-6443-4760-9072-b58751f082ac	845	699	94.556	Capparidastrum frondosum voucher WIS:X. Cornejo 7597 trnK-UUU gene, partial sequence; and maturase K (matK) gene, complete cds; chloroplast	Capparidastrum frondosum
e0718907-6443-4760-9072-b58751f082ac	845	699	94.556	Morisonia americana voucher WIS:H.H. Iltis et al. 30538 maturase K (matK) gene, complete cds; chloroplast	Morisonia americana
e0718907-6443-4760-9072-b58751f082ac	845	699	94.556	Capparis speciosa voucher WIS:M.C. Franceschini 50 maturase K (matK) gene, complete cds; chloroplast	Anisocapparis speciosa
e0718907-6443-4760-9072-b58751f082ac	851	697	94.360	Buchholzia tholloniana voucher K:M. Etuge 4497r maturase K (matK) gene, complete cds; chloroplast	Buchholzia tholloniana
e0718907-6443-4760-9072-b58751f082ac	849	697	94.346	Buchholzia coriacea voucher MO:M. Merella et al. 1656 maturase K (matK) gene, complete cds; chloroplast	Buchholzia coriacea
e0718907-6443-4760-9072-b58751f082ac	845	696	94.438	Capparis sp. 1 Iltis & Ruiz 30571 maturase K (matK) gene, complete cds; chloroplast	Capparis sp. 1 WMCM-2016
e0718907-6443-4760-9072-b58751f082ac	845	696	94.438	Capparis odoratissima voucher WIS:H.H. Iltis 30576 maturase K (matK) gene, complete cds; chloroplast	Quadrella odoratissima
e0718907-6443-4760-9072-b58751f082ac	845	696	94.438	Capparis odoratissima voucher WIS:H.H. Iltis et al. 30526 maturase K (matK) gene, complete cds; chloroplast	Quadrella odoratissima
e0718907-6443-4760-9072-b58751f082ac	845	696	94.438	Capparis cynophallophora voucher WIS:H.H. Iltis et al. 30321 maturase K (matK) gene, complete cds; chloroplast	Quadrella cynophallophora
e0718907-6443-4760-9072-b58751f082ac	907	695	92.834	Uncultured bacterium clone B7-151 16S ribosomal RNA gene, partial sequence	uncultured bacterium
e0718907-6443-4760-9072-b58751f082ac	478	409	95.397	Uncultured bacterium clone B7-151 16S ribosomal RNA gene, partial sequence	uncultured bacterium
e0718907-6443-4760-9072-b58751f082ac	901	694	93.008	Hyphomicrobium sp. wp14 partial 16S rRNA gene, isolate wp14	Hyphomicrobium sp. wp14
e0718907-6443-4760-9072-b58751f082ac	473	402	95.349	Hyphomicrobium sp. wp14 partial 16S rRNA gene, isolate wp14	Hyphomicrobium sp. wp14
e0718907-6443-4760-9072-b58751f082ac	845	693	94.320	Capparis pachaca voucher WIS:H.H. Iltis et al. 30523 maturase K (matK) gene, complete cds; chloroplast	Neocapparis pachaca
e0718907-6443-4760-9072-b58751f082ac	845	693	94.320	Capparis angustifolia voucher WIS:W.J. Hahn 6201 maturase K (matK) gene, complete cds; chloroplast	Quadrella angustifolia
e0718907-6443-4760-9072-b58751f082ac	829	690	94.692	Colicodendron yco isolate NE170 maturase K (matK) gene, partial cds; chloroplast	Colicodendron yco
e0718907-6443-4760-9072-b58751f082ac	845	690	94.201	Capparis crotonoides voucher WIS:X. Cornejo 7586 maturase K (matK) gene, complete cds; chloroplast	Capparicordis crotonoides
e0718907-6443-4760-9072-b58751f082ac	845	687	94.083	Capparis scabrida voucher WIS:G.P. Lewis et al. 2451 maturase K (matK) gene, complete cds; chloroplast	Colicodendron scabridum
e0718907-6443-4760-9072-b58751f082ac	845	684	93.964	Crateva unilocularis chloroplast, complete genome	Crateva unilocularis
e0718907-6443-4760-9072-b58751f082ac	857	210	75.846	Crateva unilocularis chloroplast, complete genome	Crateva unilocularis
e0718907-6443-4760-9072-b58751f082ac	857	210	75.846	Crateva unilocularis chloroplast, complete genome	Crateva unilocularis
e0718907-6443-4760-9072-b58751f082ac	476	166	78.782	Crateva unilocularis chloroplast, complete genome	Crateva unilocularis
e0718907-6443-4760-9072-b58751f082ac	476	166	78.782	Crateva unilocularis chloroplast, complete genome	Crateva unilocularis
e0718907-6443-4760-9072-b58751f082ac	845	684	93.964	Crateva unilocularis chloroplast, complete genome	Crateva unilocularis
e0718907-6443-4760-9072-b58751f082ac	857	210	75.846	Crateva unilocularis chloroplast, complete genome	Crateva unilocularis
e0718907-6443-4760-9072-b58751f082ac	857	210	75.846	Crateva unilocularis chloroplast, complete genome	Crateva unilocularis
e0718907-6443-4760-9072-b58751f082ac	476	166	78.782	Crateva unilocularis chloroplast, complete genome	Crateva unilocularis
e0718907-6443-4760-9072-b58751f082ac	476	166	78.782	Crateva unilocularis chloroplast, complete genome	Crateva unilocularis
e0718907-6443-4760-9072-b58751f082ac	845	684	93.964	Crateva religiosa voucher WIS:W.J. Hahn 6175 maturase K (matK) gene, complete cds; chloroplast	Crateva religiosa
e0718907-6443-4760-9072-b58751f082ac	846	678	93.735	Capparis stenosepala voucher WIS:H.H. Iltis 30554 maturase K (matK) gene, complete cds; chloroplast	Calanthea stenosepala
e0718907-6443-4760-9072-b58751f082ac	883	673	92.752	Uncultured Psychrobacter sp. clone C146500050 16S ribosomal RNA gene, partial sequence	uncultured Psychrobacter sp.
e0718907-6443-4760-9072-b58751f082ac	456	382	94.956	Uncultured Psychrobacter sp. clone C146500050 16S ribosomal RNA gene, partial sequence	uncultured Psychrobacter sp.
e0718907-6443-4760-9072-b58751f082ac	845	672	93.491	Cadaba glandulosa chloroplast, complete genome	Cadaba glandulosa
e0718907-6443-4760-9072-b58751f082ac	855	213	75.906	Cadaba glandulosa chloroplast, complete genome	Cadaba glandulosa
e0718907-6443-4760-9072-b58751f082ac	855	213	75.906	Cadaba glandulosa chloroplast, complete genome	Cadaba glandulosa
e0718907-6443-4760-9072-b58751f082ac	476	166	78.782	Cadaba glandulosa chloroplast, complete genome	Cadaba glandulosa
e0718907-6443-4760-9072-b58751f082ac	476	166	78.782	Cadaba glandulosa chloroplast, complete genome	Cadaba glandulosa
e0718907-6443-4760-9072-b58751f082ac	845	672	93.491	Capparis tenuisiliqua voucher WIS:H.H. Iltis et al. 30512 maturase K (matK) gene, complete cds; chloroplast	Monilicarpa tenuisiliqua
e0718907-6443-4760-9072-b58751f082ac	879	672	92.833	Psychrobacter sp. wp37 partial 16S rRNA gene, isolate wp37	Psychrobacter sp. wp37
e0718907-6443-4760-9072-b58751f082ac	451	380	95.122	Psychrobacter sp. wp37 partial 16S rRNA gene, isolate wp37	Psychrobacter sp. wp37
e0718907-6443-4760-9072-b58751f082ac	851	669	93.302	Steriphoma paradoxum voucher WIS:H.H. Iltis et al. 30536 maturase K (matK) gene, complete cds; chloroplast	Steriphoma paradoxum
e0718907-6443-4760-9072-b58751f082ac	851	669	93.302	Euadenia eminens voucher MO:T.B. Hart 1575 maturase K (matK) gene, complete cds; chloroplast	Euadenia eminens
e0718907-6443-4760-9072-b58751f082ac	849	667	93.168	Cadaba kirkii voucher MO:J. Lovett and C.J. Kayombo maturase K (matK) gene, complete cds; chloroplast	Cadaba kirkii
e0718907-6443-4760-9072-b58751f082ac	846	666	93.262	Crateva tapia chloroplast, complete genome	Crateva tapia
e0718907-6443-4760-9072-b58751f082ac	855	213	75.906	Crateva tapia chloroplast, complete genome	Crateva tapia
e0718907-6443-4760-9072-b58751f082ac	855	213	75.906	Crateva tapia chloroplast, complete genome	Crateva tapia
e0718907-6443-4760-9072-b58751f082ac	476	166	78.782	Crateva tapia chloroplast, complete genome	Crateva tapia
e0718907-6443-4760-9072-b58751f082ac	476	166	78.782	Crateva tapia chloroplast, complete genome	Crateva tapia
e0718907-6443-4760-9072-b58751f082ac	743	666	96.904	Capparis verrucosa voucher BioBot00762 maturase K (matK) gene, partial cds; chloroplast	Cynophalla verrucosa
e0718907-6443-4760-9072-b58751f082ac	846	666	93.262	Crateva tapia chloroplast, complete genome	Crateva tapia
e0718907-6443-4760-9072-b58751f082ac	855	213	75.906	Crateva tapia chloroplast, complete genome	Crateva tapia
e0718907-6443-4760-9072-b58751f082ac	855	213	75.906	Crateva tapia chloroplast, complete genome	Crateva tapia
e0718907-6443-4760-9072-b58751f082ac	476	166	78.782	Crateva tapia chloroplast, complete genome	Crateva tapia
e0718907-6443-4760-9072-b58751f082ac	476	166	78.782	Crateva tapia chloroplast, complete genome	Crateva tapia
e0718907-6443-4760-9072-b58751f082ac	846	666	93.262	Crateva tapia voucher WIS:H.H. Iltis et al. 30513 maturase K (matK) gene, complete cds; chloroplast	Crateva tapia
e0718907-6443-4760-9072-b58751f082ac	845	666	93.254	Cadaba virgata voucher MO:Lewis et al. 534 maturase K (matK) gene, complete cds; chloroplast	Cadaba virgata
e0718907-6443-4760-9072-b58751f082ac	845	666	93.254	Boscia angustifolia voucher MO:S.T. Pochron 15 maturase K (matK) gene, complete cds; chloroplast	Boscia angustifolia
e0718907-6443-4760-9072-b58751f082ac	845	666	93.254	Crateva palmeri maturase K (matK) gene, complete cds; chloroplast	Crateva palmeri
e0718907-6443-4760-9072-b58751f082ac	845	663	93.136	Maerua kirkii maturase K (matK) gene, complete cds; chloroplast	Maerua kirkii
e0718907-6443-4760-9072-b58751f082ac	819	662	93.895	Crateva formosensis maturase K gene, partial cds; chloroplast	Crateva formosensis
32aa85e4-50b6-447e-8fdc-80226b5e8fe4	888	700	93.468	Psidium cattleyanum plastid, complete genome	Psidium cattleyanum
32aa85e4-50b6-447e-8fdc-80226b5e8fe4	290	114	80.345	Psidium cattleyanum plastid, complete genome	Psidium cattleyanum
32aa85e4-50b6-447e-8fdc-80226b5e8fe4	277	114	80.866	Psidium cattleyanum plastid, complete genome	Psidium cattleyanum
32aa85e4-50b6-447e-8fdc-80226b5e8fe4	120	89	91.667	Psidium cattleyanum plastid, complete genome	Psidium cattleyanum
32aa85e4-50b6-447e-8fdc-80226b5e8fe4	132	89	89.394	Psidium cattleyanum plastid, complete genome	Psidium cattleyanum
32aa85e4-50b6-447e-8fdc-80226b5e8fe4	888	694	93.243	Psidium guajava chloroplast, complete genome	Psidium guajava
32aa85e4-50b6-447e-8fdc-80226b5e8fe4	290	114	80.345	Psidium guajava chloroplast, complete genome	Psidium guajava
32aa85e4-50b6-447e-8fdc-80226b5e8fe4	277	114	80.866	Psidium guajava chloroplast, complete genome	Psidium guajava
32aa85e4-50b6-447e-8fdc-80226b5e8fe4	120	89	91.667	Psidium guajava chloroplast, complete genome	Psidium guajava
32aa85e4-50b6-447e-8fdc-80226b5e8fe4	132	89	89.394	Psidium guajava chloroplast, complete genome	Psidium guajava
32aa85e4-50b6-447e-8fdc-80226b5e8fe4	888	694	93.243	Psidium guajava chloroplast, complete genome	Psidium guajava
32aa85e4-50b6-447e-8fdc-80226b5e8fe4	290	114	80.345	Psidium guajava chloroplast, complete genome	Psidium guajava
32aa85e4-50b6-447e-8fdc-80226b5e8fe4	277	114	80.866	Psidium guajava chloroplast, complete genome	Psidium guajava
32aa85e4-50b6-447e-8fdc-80226b5e8fe4	120	89	91.667	Psidium guajava chloroplast, complete genome	Psidium guajava
32aa85e4-50b6-447e-8fdc-80226b5e8fe4	132	89	89.394	Psidium guajava chloroplast, complete genome	Psidium guajava
32aa85e4-50b6-447e-8fdc-80226b5e8fe4	888	688	93.018	Pimenta racemosa maturase K (matK) gene, partial cds; chloroplast	Pimenta racemosa
32aa85e4-50b6-447e-8fdc-80226b5e8fe4	888	688	93.018	Pimenta racemosa maturase K (matK) gene, complete cds; chloroplast	Pimenta racemosa
32aa85e4-50b6-447e-8fdc-80226b5e8fe4	888	685	92.905	Campomanesia xanthocarpa chloroplast, complete genome	Campomanesia xanthocarpa
32aa85e4-50b6-447e-8fdc-80226b5e8fe4	290	114	80.345	Campomanesia xanthocarpa chloroplast, complete genome	Campomanesia xanthocarpa
32aa85e4-50b6-447e-8fdc-80226b5e8fe4	277	114	80.866	Campomanesia xanthocarpa chloroplast, complete genome	Campomanesia xanthocarpa
32aa85e4-50b6-447e-8fdc-80226b5e8fe4	120	89	91.667	Campomanesia xanthocarpa chloroplast, complete genome	Campomanesia xanthocarpa
32aa85e4-50b6-447e-8fdc-80226b5e8fe4	132	89	89.394	Campomanesia xanthocarpa chloroplast, complete genome	Campomanesia xanthocarpa
32aa85e4-50b6-447e-8fdc-80226b5e8fe4	888	685	92.905	Plinia trunciflora chloroplast, complete genome	Plinia trunciflora
32aa85e4-50b6-447e-8fdc-80226b5e8fe4	277	114	80.866	Plinia trunciflora chloroplast, complete genome	Plinia trunciflora
32aa85e4-50b6-447e-8fdc-80226b5e8fe4	277	114	80.866	Plinia trunciflora chloroplast, complete genome	Plinia trunciflora
32aa85e4-50b6-447e-8fdc-80226b5e8fe4	120	89	91.667	Plinia trunciflora chloroplast, complete genome	Plinia trunciflora
32aa85e4-50b6-447e-8fdc-80226b5e8fe4	132	89	89.394	Plinia trunciflora chloroplast, complete genome	Plinia trunciflora
32aa85e4-50b6-447e-8fdc-80226b5e8fe4	888	685	92.905	Archirhodomyrtus beckleri voucher UNSW23517 trnK gene, intron; and maturase K (matK) gene, complete cds; chloroplast	Archirhodomyrtus beckleri
32aa85e4-50b6-447e-8fdc-80226b5e8fe4	888	685	92.905	Myrcia amethystina voucher D.F.Lima 365 chloroplast, complete genome	Myrcia amethystina
32aa85e4-50b6-447e-8fdc-80226b5e8fe4	290	114	80.345	Myrcia amethystina voucher D.F.Lima 365 chloroplast, complete genome	Myrcia amethystina
32aa85e4-50b6-447e-8fdc-80226b5e8fe4	277	114	80.866	Myrcia amethystina voucher D.F.Lima 365 chloroplast, complete genome	Myrcia amethystina
32aa85e4-50b6-447e-8fdc-80226b5e8fe4	120	89	91.667	Myrcia amethystina voucher D.F.Lima 365 chloroplast, complete genome	Myrcia amethystina
32aa85e4-50b6-447e-8fdc-80226b5e8fe4	132	89	89.394	Myrcia amethystina voucher D.F.Lima 365 chloroplast, complete genome	Myrcia amethystina
32aa85e4-50b6-447e-8fdc-80226b5e8fe4	887	685	92.897	Blepharocalyx tweediei maturase K (matK) gene, partial cds; chloroplast	Blepharocalyx tweediei
32aa85e4-50b6-447e-8fdc-80226b5e8fe4	888	682	92.793	Plinia edulis plastid, complete genome	Plinia edulis
32aa85e4-50b6-447e-8fdc-80226b5e8fe4	277	114	80.866	Plinia edulis plastid, complete genome	Plinia edulis
32aa85e4-50b6-447e-8fdc-80226b5e8fe4	277	114	80.866	Plinia edulis plastid, complete genome	Plinia edulis
32aa85e4-50b6-447e-8fdc-80226b5e8fe4	120	89	91.667	Plinia edulis plastid, complete genome	Plinia edulis
32aa85e4-50b6-447e-8fdc-80226b5e8fe4	132	89	89.394	Plinia edulis plastid, complete genome	Plinia edulis
32aa85e4-50b6-447e-8fdc-80226b5e8fe4	888	682	92.793	Pimenta dioica plastid, complete genome	Pimenta dioica
32aa85e4-50b6-447e-8fdc-80226b5e8fe4	290	114	80.345	Pimenta dioica plastid, complete genome	Pimenta dioica
32aa85e4-50b6-447e-8fdc-80226b5e8fe4	277	114	80.866	Pimenta dioica plastid, complete genome	Pimenta dioica
32aa85e4-50b6-447e-8fdc-80226b5e8fe4	120	89	91.667	Pimenta dioica plastid, complete genome	Pimenta dioica
32aa85e4-50b6-447e-8fdc-80226b5e8fe4	132	89	89.394	Pimenta dioica plastid, complete genome	Pimenta dioica
32aa85e4-50b6-447e-8fdc-80226b5e8fe4	888	682	92.793	Neomyrtus pedunculata chloroplast	Neomyrtus pedunculata
32aa85e4-50b6-447e-8fdc-80226b5e8fe4	290	114	80.345	Neomyrtus pedunculata chloroplast	Neomyrtus pedunculata
32aa85e4-50b6-447e-8fdc-80226b5e8fe4	277	114	80.866	Neomyrtus pedunculata chloroplast	Neomyrtus pedunculata
32aa85e4-50b6-447e-8fdc-80226b5e8fe4	120	89	91.667	Neomyrtus pedunculata chloroplast	Neomyrtus pedunculata
32aa85e4-50b6-447e-8fdc-80226b5e8fe4	132	89	89.394	Neomyrtus pedunculata chloroplast	Neomyrtus pedunculata
32aa85e4-50b6-447e-8fdc-80226b5e8fe4	888	682	92.793	Decaspermum humile maturase K (matK) gene, partial cds; chloroplast	Decaspermum humile
32aa85e4-50b6-447e-8fdc-80226b5e8fe4	888	682	92.793	Ugni molinae trnK gene, partial sequence; and maturase K (matK) gene, complete cds; chloroplast	Ugni molinae
32aa85e4-50b6-447e-8fdc-80226b5e8fe4	888	680	92.680	Calyptranthes pallens trnK gene, partial sequence; and maturase K (matK) gene, complete cds; chloroplast	Calyptranthes pallens
32aa85e4-50b6-447e-8fdc-80226b5e8fe4	888	680	92.680	Rhodomyrtus macrocarpa trnK gene, partial sequence; and maturase K (matK) gene, complete cds; chloroplast	Rhodomyrtus macrocarpa
32aa85e4-50b6-447e-8fdc-80226b5e8fe4	888	679	92.680	Plinia aureana chloroplast, complete genome	Plinia aureana
32aa85e4-50b6-447e-8fdc-80226b5e8fe4	277	114	80.866	Plinia aureana chloroplast, complete genome	Plinia aureana
32aa85e4-50b6-447e-8fdc-80226b5e8fe4	277	114	80.866	Plinia aureana chloroplast, complete genome	Plinia aureana
32aa85e4-50b6-447e-8fdc-80226b5e8fe4	132	92	90.152	Plinia aureana chloroplast, complete genome	Plinia aureana
32aa85e4-50b6-447e-8fdc-80226b5e8fe4	132	92	90.152	Plinia aureana chloroplast, complete genome	Plinia aureana
32aa85e4-50b6-447e-8fdc-80226b5e8fe4	888	679	92.680	Plinia aureana chloroplast, complete genome	Plinia aureana
32aa85e4-50b6-447e-8fdc-80226b5e8fe4	277	114	80.866	Plinia aureana chloroplast, complete genome	Plinia aureana
32aa85e4-50b6-447e-8fdc-80226b5e8fe4	277	114	80.866	Plinia aureana chloroplast, complete genome	Plinia aureana
32aa85e4-50b6-447e-8fdc-80226b5e8fe4	132	92	90.152	Plinia aureana chloroplast, complete genome	Plinia aureana
32aa85e4-50b6-447e-8fdc-80226b5e8fe4	132	92	90.152	Plinia aureana chloroplast, complete genome	Plinia aureana
32aa85e4-50b6-447e-8fdc-80226b5e8fe4	888	679	92.680	Plinia sp. DVPR3003 chloroplast, complete genome	Plinia sp. DVPR3003
32aa85e4-50b6-447e-8fdc-80226b5e8fe4	277	114	80.866	Plinia sp. DVPR3003 chloroplast, complete genome	Plinia sp. DVPR3003
32aa85e4-50b6-447e-8fdc-80226b5e8fe4	277	114	80.866	Plinia sp. DVPR3003 chloroplast, complete genome	Plinia sp. DVPR3003
32aa85e4-50b6-447e-8fdc-80226b5e8fe4	120	89	91.667	Plinia sp. DVPR3003 chloroplast, complete genome	Plinia sp. DVPR3003
32aa85e4-50b6-447e-8fdc-80226b5e8fe4	132	89	89.394	Plinia sp. DVPR3003 chloroplast, complete genome	Plinia sp. DVPR3003
32aa85e4-50b6-447e-8fdc-80226b5e8fe4	888	679	92.680	Acca sellowiana chloroplast, complete genome	Acca sellowiana
32aa85e4-50b6-447e-8fdc-80226b5e8fe4	290	114	80.345	Acca sellowiana chloroplast, complete genome	Acca sellowiana
32aa85e4-50b6-447e-8fdc-80226b5e8fe4	277	114	80.866	Acca sellowiana chloroplast, complete genome	Acca sellowiana
32aa85e4-50b6-447e-8fdc-80226b5e8fe4	120	89	91.667	Acca sellowiana chloroplast, complete genome	Acca sellowiana
32aa85e4-50b6-447e-8fdc-80226b5e8fe4	132	89	89.394	Acca sellowiana chloroplast, complete genome	Acca sellowiana
32aa85e4-50b6-447e-8fdc-80226b5e8fe4	888	679	92.680	Neomyrtus pedunculata isolate D1140 voucher CHR631167 trnK gene, intron; and maturase K (matK) gene, complete cds; chloroplast	Neomyrtus pedunculata
32aa85e4-50b6-447e-8fdc-80226b5e8fe4	888	679	92.680	Acca sellowiana trnK gene, partial sequence; and maturase K (matK) gene, complete cds; chloroplast	Acca sellowiana
32aa85e4-50b6-447e-8fdc-80226b5e8fe4	888	677	92.568	Myrciaria vexator maturase K (matK) gene, partial cds; chloroplast	Myrciaria vexator
32aa85e4-50b6-447e-8fdc-80226b5e8fe4	888	676	92.568	Myrcianthes pungens plastid, complete genome	Myrcianthes pungens
32aa85e4-50b6-447e-8fdc-80226b5e8fe4	290	114	80.345	Myrcianthes pungens plastid, complete genome	Myrcianthes pungens
32aa85e4-50b6-447e-8fdc-80226b5e8fe4	277	114	80.866	Myrcianthes pungens plastid, complete genome	Myrcianthes pungens
32aa85e4-50b6-447e-8fdc-80226b5e8fe4	120	89	91.667	Myrcianthes pungens plastid, complete genome	Myrcianthes pungens
32aa85e4-50b6-447e-8fdc-80226b5e8fe4	132	89	89.394	Myrcianthes pungens plastid, complete genome	Myrcianthes pungens
32aa85e4-50b6-447e-8fdc-80226b5e8fe4	888	676	92.568	Rhodomyrtus tomentosa chloroplast, complete genome	Rhodomyrtus tomentosa
32aa85e4-50b6-447e-8fdc-80226b5e8fe4	290	114	80.345	Rhodomyrtus tomentosa chloroplast, complete genome	Rhodomyrtus tomentosa
32aa85e4-50b6-447e-8fdc-80226b5e8fe4	277	114	80.866	Rhodomyrtus tomentosa chloroplast, complete genome	Rhodomyrtus tomentosa
32aa85e4-50b6-447e-8fdc-80226b5e8fe4	120	89	91.667	Rhodomyrtus tomentosa chloroplast, complete genome	Rhodomyrtus tomentosa
32aa85e4-50b6-447e-8fdc-80226b5e8fe4	132	89	89.394	Rhodomyrtus tomentosa chloroplast, complete genome	Rhodomyrtus tomentosa
32aa85e4-50b6-447e-8fdc-80226b5e8fe4	888	676	92.568	Rhodomyrtus tomentosa chloroplast, complete genome	Rhodomyrtus tomentosa
32aa85e4-50b6-447e-8fdc-80226b5e8fe4	290	114	80.345	Rhodomyrtus tomentosa chloroplast, complete genome	Rhodomyrtus tomentosa
32aa85e4-50b6-447e-8fdc-80226b5e8fe4	277	114	80.866	Rhodomyrtus tomentosa chloroplast, complete genome	Rhodomyrtus tomentosa
32aa85e4-50b6-447e-8fdc-80226b5e8fe4	120	89	91.667	Rhodomyrtus tomentosa chloroplast, complete genome	Rhodomyrtus tomentosa
32aa85e4-50b6-447e-8fdc-80226b5e8fe4	132	89	89.394	Rhodomyrtus tomentosa chloroplast, complete genome	Rhodomyrtus tomentosa
32aa85e4-50b6-447e-8fdc-80226b5e8fe4	888	676	92.568	Calycolpus moritzianus voucher COL tRNA-Lys (trnK) gene, intron; and maturase K (matK) gene, complete cds; chloroplast	Calycolpus moritzianus
32aa85e4-50b6-447e-8fdc-80226b5e8fe4	888	673	92.455	Eugenia reinwardtiana voucher NSW:977022 tRNA-Lys (trnK) gene, intron; and maturase K (matK) gene, complete cds; chloroplast	Eugenia reinwardtiana
32aa85e4-50b6-447e-8fdc-80226b5e8fe4	888	673	92.455	Eugenia uniflora plastid, complete genome	Eugenia uniflora
32aa85e4-50b6-447e-8fdc-80226b5e8fe4	290	114	80.345	Eugenia uniflora plastid, complete genome	Eugenia uniflora
32aa85e4-50b6-447e-8fdc-80226b5e8fe4	277	114	80.866	Eugenia uniflora plastid, complete genome	Eugenia uniflora
32aa85e4-50b6-447e-8fdc-80226b5e8fe4	120	89	91.667	Eugenia uniflora plastid, complete genome	Eugenia uniflora
32aa85e4-50b6-447e-8fdc-80226b5e8fe4	132	89	89.394	Eugenia uniflora plastid, complete genome	Eugenia uniflora
32aa85e4-50b6-447e-8fdc-80226b5e8fe4	888	670	92.342	Eugenia brasiliensis plastid, complete genome	Eugenia brasiliensis
32aa85e4-50b6-447e-8fdc-80226b5e8fe4	290	114	80.345	Eugenia brasiliensis plastid, complete genome	Eugenia brasiliensis
32aa85e4-50b6-447e-8fdc-80226b5e8fe4	277	114	80.866	Eugenia brasiliensis plastid, complete genome	Eugenia brasiliensis
32aa85e4-50b6-447e-8fdc-80226b5e8fe4	120	89	91.667	Eugenia brasiliensis plastid, complete genome	Eugenia brasiliensis
32aa85e4-50b6-447e-8fdc-80226b5e8fe4	132	89	89.394	Eugenia brasiliensis plastid, complete genome	Eugenia brasiliensis
32aa85e4-50b6-447e-8fdc-80226b5e8fe4	888	670	92.342	Plinia cauliflora chloroplast, complete genome	Plinia cauliflora
32aa85e4-50b6-447e-8fdc-80226b5e8fe4	277	114	80.866	Plinia cauliflora chloroplast, complete genome	Plinia cauliflora
32aa85e4-50b6-447e-8fdc-80226b5e8fe4	277	114	80.866	Plinia cauliflora chloroplast, complete genome	Plinia cauliflora
32aa85e4-50b6-447e-8fdc-80226b5e8fe4	120	89	91.667	Plinia cauliflora chloroplast, complete genome	Plinia cauliflora
32aa85e4-50b6-447e-8fdc-80226b5e8fe4	132	89	89.394	Plinia cauliflora chloroplast, complete genome	Plinia cauliflora
32aa85e4-50b6-447e-8fdc-80226b5e8fe4	888	670	92.342	Plinia cauliflora chloroplast, complete genome	Plinia cauliflora
32aa85e4-50b6-447e-8fdc-80226b5e8fe4	277	114	80.866	Plinia cauliflora chloroplast, complete genome	Plinia cauliflora
32aa85e4-50b6-447e-8fdc-80226b5e8fe4	277	114	80.866	Plinia cauliflora chloroplast, complete genome	Plinia cauliflora
32aa85e4-50b6-447e-8fdc-80226b5e8fe4	120	89	91.667	Plinia cauliflora chloroplast, complete genome	Plinia cauliflora
32aa85e4-50b6-447e-8fdc-80226b5e8fe4	132	89	89.394	Plinia cauliflora chloroplast, complete genome	Plinia cauliflora
32aa85e4-50b6-447e-8fdc-80226b5e8fe4	888	670	92.342	Uromyrtus australis maturase (matK) gene, complete cds; chloroplast	Uromyrtus australis
32aa85e4-50b6-447e-8fdc-80226b5e8fe4	869	669	92.865	Myrcia tijucensis isolate PECB157 maturase K (matK) gene, partial cds; chloroplast	Myrcia tijucensis
32aa85e4-50b6-447e-8fdc-80226b5e8fe4	851	669	93.420	Psidium oligospermum isolate NE375 maturase K (matK) gene, partial cds; chloroplast	Psidium oligospermum
32aa85e4-50b6-447e-8fdc-80226b5e8fe4	888	667	92.230	Eugenia pyriformis plastid, complete genome	Eugenia pyriformis
32aa85e4-50b6-447e-8fdc-80226b5e8fe4	290	114	80.345	Eugenia pyriformis plastid, complete genome	Eugenia pyriformis
32aa85e4-50b6-447e-8fdc-80226b5e8fe4	277	114	80.866	Eugenia pyriformis plastid, complete genome	Eugenia pyriformis
32aa85e4-50b6-447e-8fdc-80226b5e8fe4	120	89	91.667	Eugenia pyriformis plastid, complete genome	Eugenia pyriformis
32aa85e4-50b6-447e-8fdc-80226b5e8fe4	132	89	89.394	Eugenia pyriformis plastid, complete genome	Eugenia pyriformis
32aa85e4-50b6-447e-8fdc-80226b5e8fe4	849	667	93.404	Psidium rhombeum isolate NE161 maturase K (matK) gene, partial cds; chloroplast	Psidium rhombeum
32aa85e4-50b6-447e-8fdc-80226b5e8fe4	861	667	93.031	Psidium cattleyanum chloroplast matK gene for maturase K, partial cds	Psidium cattleyanum
32aa85e4-50b6-447e-8fdc-80226b5e8fe4	868	665	92.742	Myrceugenia myrcioides isolate PECB148 maturase K (matK) gene, partial cds; chloroplast	Myrceugenia myrcioides
32aa85e4-50b6-447e-8fdc-80226b5e8fe4	888	664	92.117	Eugenia selloi plastid, complete genome	Eugenia selloi
32aa85e4-50b6-447e-8fdc-80226b5e8fe4	290	117	80.690	Eugenia selloi plastid, complete genome	Eugenia selloi
32aa85e4-50b6-447e-8fdc-80226b5e8fe4	277	117	81.227	Eugenia selloi plastid, complete genome	Eugenia selloi
32aa85e4-50b6-447e-8fdc-80226b5e8fe4	120	86	90.833	Eugenia selloi plastid, complete genome	Eugenia selloi
32aa85e4-50b6-447e-8fdc-80226b5e8fe4	132	86	88.636	Eugenia selloi plastid, complete genome	Eugenia selloi
32aa85e4-50b6-447e-8fdc-80226b5e8fe4	887	664	91.995	Eugenia myrcianthes trnK gene, partial sequence; and maturase K (matK) gene, complete cds; chloroplast	Eugenia myrcianthes
32aa85e4-50b6-447e-8fdc-80226b5e8fe4	861	664	92.915	Psidium guajava chloroplast matK gene for maturase K, partial cds	Psidium guajava
32aa85e4-50b6-447e-8fdc-80226b5e8fe4	851	663	93.184	Psidium appendiculatum isolate NE351 maturase K (matK) gene, partial cds; chloroplast	Psidium appendiculatum
32aa85e4-50b6-447e-8fdc-80226b5e8fe4	862	662	92.807	Pimenta dioica M350 NZFRI 29276 maturase K (matK) gene, partial cds; chloroplast	Pimenta dioica
32aa85e4-50b6-447e-8fdc-80226b5e8fe4	888	661	92.005	Eugenia gregii voucher NSW:449608 tRNA-Lys (trnK) gene, intron; and maturase K (matK) gene, complete cds; chloroplast	Eugenia gregii
32aa85e4-50b6-447e-8fdc-80226b5e8fe4	887	659	91.545	Psidium longipes maturase K (matK) gene, complete cds; chloroplast	Psidium longipes
32aa85e4-50b6-447e-8fdc-80226b5e8fe4	855	655	92.749	Neomyrtus pedunculata M333 NZFRI 29307 maturase K (matK) gene, partial cds; chloroplast	Neomyrtus pedunculata
32aa85e4-50b6-447e-8fdc-80226b5e8fe4	866	654	92.379	Eugenia copacabanensis isolate PECB072 maturase K (matK) gene, partial cds; chloroplast	Eugenia copacabanensis
32aa85e4-50b6-447e-8fdc-80226b5e8fe4	851	654	92.832	Campomanesia dichotoma isolate NE716 maturase K (matK) gene, partial cds; chloroplast	Campomanesia dichotoma
